"Team","Team_Index","Player","FirstName","LastName","Age","GamesPlayed","GamesStarted","MinutesPlayed","FieldGoalsPerGame","FieldGoalAttemptsPerGame","FieldGoalPercentPerGame","ThreePointFieldGoalsPerGame","ThreePointFieldGoalAttemptsPerGame","ThreePointFieldGoalPercentPerGame","TwoPointFieldGoalsPerGame","TwoPointFieldGoalAttemptsPerGame","TwoPointFieldGoalPercentPerGame","EffectiveFieldGoalPercent","FreeThrowsPerGame","FreeThrowAttemptsPerGame","FreeThrowPercentPerGame","OffensiveReboundsPerGame","DefensiveReboundsPerGame","TotalReboundsPerGame","AssistsPerGame","StealsPerGame","BlocksPerGame","TurnoversPerGame","PersonalFoulsPerGame","PointsPerGame","PER","Position","Player_ID"
"ATL",1,"mouhamed gueye","mouhamed","gueye",21,6,0,12.2,1.3,3.8,0.348,0.5,1.5,0.333,0.8,2.3,0.357,0.413,0.8,1,0.833,1.7,2,3.7,0.7,0.8,0.7,0.2,2.2,4,1.16666666666667,"pf",1005
"ATL",1,"trae young","trae","young",25,54,54,36,8,18.7,0.43,3.2,8.7,0.373,4.8,10,0.479,0.516,6.4,7.5,0.855,0.4,2.3,2.8,10.8,1.3,0.2,4.4,2,25.7,0.455555555555555,"pg",1013
"ATL",1,"jalen johnson","jalen","johnson",22,56,52,33.7,6.4,12.5,0.511,1.3,3.6,0.355,5.1,9,0.574,0.562,1.9,2.6,0.728,1.3,7.4,8.7,3.6,1.2,0.8,1.8,2.4,16,0.3875,"sf",1007
"ATL",1,"vit krejci","vit","krejci",23,22,14,24.6,2.3,4.7,0.49,1.3,3.1,0.412,1,1.6,0.639,0.625,0.2,0.3,0.833,0.5,1.9,2.4,2.3,0.6,0.3,0.9,2.2,6.1,0.377272727272727,"pg",1003
"ATL",1,"onyeka okongwu","onyeka","okongwu",23,55,8,25.5,4.1,6.6,0.611,0.4,1.3,0.333,3.6,5.4,0.676,0.642,1.7,2.1,0.793,2.6,4.2,6.8,1.3,0.5,1.1,0.8,2.9,10.2,0.294545454545455,"c",1012
"ATL",1,"dejounte murray","dejounte","murray",27,78,78,35.7,8.6,18.8,0.459,2.6,7.1,0.363,6,11.7,0.518,0.528,2.7,3.4,0.794,0.8,4.5,5.3,6.4,1.4,0.3,2.6,1.8,22.5,0.287179487179487,"sg",1006
"ATL",1,"kobe bufkin","kobe","bufkin",20,17,0,11.5,2,5.4,0.37,0.5,2.4,0.225,1.5,3.1,0.481,0.418,0.2,0.5,0.5,0.4,1.6,1.9,1.6,0.4,0.3,0.6,1.2,4.8,0.276470588235294,"sg",1015
"ATL",1,"clint capela","clint","capela",29,73,73,25.8,4.8,8.5,0.571,0,0,0,4.8,8.5,0.572,0.571,1.8,2.8,0.631,4.6,6,10.6,1.2,0.6,1.5,1,2.2,11.5,0.26986301369863,"c",1002
"ATL",1,"de'andre hunter","de'andre","hunter",26,57,37,29.5,5.3,11.6,0.459,2.1,5.3,0.385,3.3,6.3,0.521,0.547,2.9,3.4,0.847,0.5,3.4,3.9,1.5,0.7,0.3,1.5,2.6,15.6,0.240350877192982,"sf",1010
"ATL",1,"saddiq bey","saddiq","bey",24,63,51,32.7,4.6,11.1,0.416,1.8,5.7,0.316,2.8,5.4,0.522,0.497,2.7,3.2,0.837,2.7,3.9,6.5,1.5,0.8,0.2,0.9,1.4,13.7,0.234920634920635,"sf",1009
"ATL",1,"bruno fernando","bruno","fernando",25,45,2,15.2,2.4,4.2,0.583,0,0.1,0,2.4,4.1,0.596,0.583,1.4,2.1,0.667,1.3,3,4.3,1,0.6,0.6,1,2.4,6.3,0.206666666666667,"c",1001
"ATL",1,"bogdan bogdanović","bogdan","bogdanović",31,79,33,30.4,6,13.9,0.428,3,8.1,0.374,2.9,5.8,0.503,0.537,1.9,2.1,0.921,0.7,2.8,3.4,3.1,1.2,0.3,1.4,2.3,16.9,0.194936708860759,"sg",1004
"ATL",1,"trent forrest","trent","forrest",25,38,0,10.9,0.9,2.4,0.378,0.1,0.3,0.2,0.8,2.1,0.4,0.389,0.3,0.4,0.765,0.3,1.1,1.3,2.4,0.3,0.1,0.5,0.7,2.2,0.110526315789474,"sg",1011
"ATL",1,"wesley matthews","wesley","matthews",37,36,3,11.5,0.9,2.7,0.351,0.7,1.9,0.348,0.3,0.8,0.357,0.474,0.5,0.7,0.75,0.3,1.2,1.5,0.6,0.4,0.3,0.2,1.2,3.1,0.102777777777778,"sg",1016
"ATL",1,"seth lundy","seth","lundy",23,9,0,5.8,0.4,1.9,0.235,0.3,1.4,0.231,0.1,0.4,0.25,0.324,0.3,0.4,0.75,0.1,0.7,0.8,0,0,0,0.1,0.7,1.6,0.0777777777777778,"sf",1018
"ATL",1,"garrison mathews","garrison","mathews",27,66,5,15,1.6,3.4,0.456,1.3,2.9,0.44,0.3,0.5,0.545,0.644,0.5,0.6,0.81,0.3,1.1,1.4,0.6,0.3,0.1,0.3,1.7,4.9,0.0772727272727273,"sg",1008
"ATL",1,"aj griffin","aj","griffin",20,20,0,8.6,0.9,3.1,0.29,0.5,2,0.256,0.4,1.2,0.348,0.371,0.1,0.1,1,0.1,0.8,0.9,0.3,0.1,0.1,0.4,0.3,2.4,0.06,"sf",1014
"BOS",2,"drew peterson","drew","peterson",24,3,0,7.7,1.3,2,0.667,1,1.7,0.6,0.3,0.3,1,0.917,0,0,0,0,0.3,0.3,0.3,0.7,0,0.3,0.3,3.7,1.33333333333333,"pf",2017
"BOS",2,"jd davison","jd","davison",21,8,0,4.9,0.6,1.5,0.417,0.4,0.9,0.429,0.3,0.6,0.4,0.542,0.4,0.5,0.75,0.3,1,1.3,1.3,0.1,0.1,0.3,0.5,2,0.4375,"sg",2016
"BOS",2,"jordan walsh","jordan","walsh",19,9,1,9.2,0.7,1.7,0.4,0.2,1,0.222,0.4,0.7,0.667,0.467,0.1,0.2,0.5,0.6,1.7,2.2,0.6,0.6,0.1,0.3,1.2,1.7,0.422222222222222,"sf",2012
"BOS",2,"kristaps porziņģis","kristaps","porziņģis",28,57,57,29.6,6.8,13.2,0.516,1.9,5.1,0.375,4.9,8.1,0.606,0.589,4.5,5.3,0.858,1.7,5.5,7.2,2,0.7,1.9,1.6,2.7,20.1,0.405263157894737,"c",2003
"BOS",2,"jayson tatum","jayson","tatum",25,74,74,35.7,9.1,19.3,0.471,3.1,8.2,0.376,6,11,0.542,0.552,5.6,6.7,0.833,0.9,7.2,8.1,4.9,1,0.6,2.5,2,26.9,0.374324324324324,"pf",2008
"BOS",2,"neemias queta","neemias","queta",24,28,0,11.9,2.4,3.7,0.644,0,0,0,2.4,3.7,0.644,0.644,0.7,1,0.714,1.9,2.5,4.4,0.7,0.5,0.8,0.5,1.8,5.5,0.35,"c",2004
"BOS",2,"jaylen brown","jaylen","brown",27,70,70,33.5,9,17.9,0.499,2.1,5.9,0.354,6.9,12.1,0.57,0.557,3,4.3,0.703,1.2,4.3,5.5,3.6,1.2,0.5,2.4,2.6,23,0.302857142857143,"sf",2010
"BOS",2,"derrick white","derrick","white",29,73,73,32.6,5.3,11.5,0.461,2.7,6.8,0.396,2.6,4.7,0.555,0.578,1.9,2.1,0.901,0.7,3.5,4.2,5.2,1,1.2,1.5,2.1,15.2,0.258904109589041,"sg",2009
"BOS",2,"jrue holiday","jrue","holiday",33,69,69,32.8,4.8,10,0.48,2,4.7,0.429,2.8,5.3,0.526,0.581,0.9,1,0.833,1.2,4.2,5.4,4.8,0.9,0.8,1.8,1.6,12.5,0.250724637681159,"pg",2011
"BOS",2,"al horford","al","horford",37,65,33,26.8,3.3,6.4,0.511,1.7,4,0.419,1.6,2.5,0.658,0.64,0.4,0.5,0.867,1.3,5.1,6.4,2.6,0.6,1,0.7,1.4,8.6,0.235384615384615,"c",2002
"BOS",2,"luke kornet","luke","kornet",28,63,7,15.6,2.3,3.2,0.7,0,0,1,2.2,3.2,0.698,0.702,0.8,0.9,0.907,1.9,2.3,4.1,1.1,0.4,1,0.3,1.2,5.3,0.168253968253968,"c",2013
"BOS",2,"payton pritchard","payton","pritchard",26,82,5,22.3,3.6,7.7,0.468,1.8,4.7,0.385,1.8,3.1,0.593,0.583,0.6,0.7,0.821,0.9,2.4,3.2,3.4,0.5,0.1,0.7,1.3,9.6,0.145121951219512,"pg",2006
"BOS",2,"sam hauser","sam","hauser",26,79,13,22,3.2,7.1,0.446,2.5,5.9,0.424,0.7,1.2,0.559,0.623,0.2,0.2,0.895,0.6,2.9,3.5,1,0.5,0.3,0.4,1.3,9,0.126582278481013,"sf",2007
"BOS",2,"svi mykhailiuk","svi","mykhailiuk",26,41,2,10.1,1.4,3.3,0.416,1,2.6,0.389,0.4,0.7,0.517,0.569,0.1,0.2,0.667,0.3,1,1.2,0.9,0.3,0,0.3,0.5,4,0.1,"sf",2005
"BOS",2,"oshae brissett","oshae","brissett",25,55,1,11.5,1.2,2.8,0.444,0.3,1,0.273,1,1.8,0.541,0.493,0.9,1.5,0.602,1.1,1.8,2.9,0.8,0.3,0.1,0.4,1,3.7,0.0945454545454545,"sf",2001
"BRK",3,"dariq whitehead","dariq","whitehead",19,2,0,12,0.5,2.5,0.2,0,1.5,0,0.5,1,0.5,0.2,0.5,1,0.5,0,2,2,1.5,0,0.5,0,0,1.5,1.5,"sf",3016
"BRK",3,"ben simmons","ben","simmons",27,15,12,23.9,2.9,4.9,0.581,0,0,0,2.9,4.9,0.581,0.581,0.4,1,0.4,2.1,5.9,7.9,5.7,0.8,0.6,1.8,2.4,6.1,1.11333333333333,"pg",3001
"BRK",3,"keon johnson","keon","johnson",21,5,0,12.2,1.6,4.2,0.381,0.8,2,0.4,0.8,2.2,0.364,0.476,2.2,2.4,0.917,0.6,0.8,1.4,0.6,0.6,0.2,1,1,6.2,1.04,"sg",3014
"BRK",3,"noah clowney","noah","clowney",19,23,4,16.1,2.2,4,0.538,0.5,1.4,0.364,1.7,2.6,0.633,0.602,0.9,1.3,0.7,1.1,2.4,3.5,0.8,0.3,0.7,0.7,1.1,5.8,0.356521739130435,"pf",3011
"BRK",3,"armoni brooks","armoni","brooks",25,10,0,10.4,1.5,4.6,0.326,1.1,3.2,0.344,0.4,1.4,0.286,0.446,0.1,0.2,0.5,0.7,1.1,1.8,0.5,0.1,0.1,0.3,0.3,4.2,0.32,"sg",3021
"BRK",3,"nic claxton","nic","claxton",24,71,71,29.8,5.2,8.2,0.629,0,0.1,0.2,5.1,8.1,0.633,0.63,1.5,2.8,0.551,2.7,7.2,9.9,2.1,0.6,2.1,1.3,2.5,11.8,0.294366197183099,"c",3005
"BRK",3,"cam thomas","cam","thomas",22,66,51,31.4,8,18,0.442,2.2,6,0.364,5.8,12,0.481,0.503,4.3,5.1,0.856,0.4,2.8,3.2,2.9,0.7,0.2,1.9,2.1,22.5,0.254545454545455,"sg",3003
"BRK",3,"cameron johnson","cameron","johnson",27,58,47,27.6,4.8,10.7,0.446,2.4,6.1,0.391,2.4,4.6,0.519,0.557,1.5,1.9,0.789,0.9,3.4,4.3,2.4,0.8,0.3,1,1.8,13.4,0.239655172413793,"pf",3010
"BRK",3,"mikal bridges","mikal","bridges",27,82,82,34.8,6.9,15.8,0.436,2.7,7.2,0.372,4.2,8.6,0.49,0.521,3.1,3.9,0.814,0.8,3.7,4.5,3.6,1,0.4,2,1.4,19.6,0.21219512195122,"sf",3004
"BRK",3,"day'ron sharpe","day'ron","sharpe",22,61,1,15.1,2.8,4.8,0.571,0.1,0.2,0.267,2.7,4.6,0.588,0.578,1.2,2,0.61,2.6,3.7,6.4,1.4,0.4,0.7,1.1,2.1,6.8,0.19344262295082,"c",3009
"BRK",3,"dennis smith jr.","dennis","smith",26,56,2,18.9,2.6,6,0.435,0.6,1.9,0.294,2.1,4.1,0.502,0.482,0.8,1,0.741,0.9,2,2.9,3.6,1.2,0.2,1.2,2.2,6.6,0.173214285714286,"pg",3012
"BRK",3,"dorian finney-smith","dorian","finney-smith",30,68,56,28.4,3.2,7.5,0.421,1.7,4.9,0.348,1.4,2.6,0.56,0.535,0.5,0.7,0.717,1.6,3.1,4.7,1.6,0.8,0.6,0.9,2.2,8.5,0.158823529411765,"pf",3006
"BRK",3,"jalen wilson","jalen","wilson",23,43,3,15.4,1.8,4.2,0.425,0.6,1.7,0.324,1.2,2.4,0.495,0.492,0.9,1.1,0.826,1.1,2,3,1,0.3,0.1,0.4,1.1,5,0.148837209302326,"pf",3013
"BRK",3,"lonnie walker iv","lonnie","walker",25,58,0,17.4,3.6,8.5,0.423,1.8,4.7,0.384,1.8,3.8,0.471,0.528,0.8,1,0.763,0.2,2,2.2,1.3,0.6,0.3,0.9,1.2,9.7,0.139655172413793,"sg",3007
"BRK",3,"trendon watford","trendon","watford",23,63,2,13.6,2.6,4.9,0.527,0.4,1.1,0.397,2.2,3.9,0.564,0.571,1.2,1.5,0.794,0.8,2.3,3.1,1.3,0.4,0.3,1,1.7,6.9,0.133333333333333,"pf",3008
"CHA",4,"mark williams","mark","williams",22,19,19,26.7,5.2,7.9,0.649,0,0,0,5.2,7.9,0.649,0.649,2.4,3.4,0.719,4,5.7,9.7,1.2,0.8,1.1,0.9,2.6,12.7,1.1,"c",4013
"CHA",4,"lamelo ball","lamelo","ball",22,22,22,32.3,8.3,19.2,0.433,3.2,9,0.355,5.1,10.3,0.5,0.515,4.1,4.7,0.865,1.3,3.8,5.1,8,1.8,0.2,3.8,3.6,23.9,1.07727272727273,"pg",4015
"CHA",4,"cody martin","cody","martin",28,28,22,26.9,2.9,7.7,0.381,1,3.1,0.314,2,4.6,0.426,0.444,0.7,1.2,0.606,0.7,3.2,3.9,3.7,1.1,0.6,1.6,1.7,7.5,0.353571428571429,"sf",4007
"CHA",4,"miles bridges","miles","bridges",25,69,67,37.4,8.1,17.5,0.462,2.3,6.5,0.349,5.8,11,0.529,0.527,2.5,3.1,0.825,1,6.3,7.3,3.3,0.9,0.5,2,1.7,21,0.304347826086957,"sf",4006
"CHA",4,"nick richards","nick","richards",26,67,51,26.3,3.9,5.6,0.691,0,0,0,3.9,5.6,0.693,0.691,2,2.7,0.737,2.6,5.5,8,0.8,0.4,1.1,1.1,2.6,9.7,0.246268656716418,"c",4001
"CHA",4,"frank ntilikina","frank","ntilikina",25,5,0,8.6,0.2,1.8,0.111,0.2,1.6,0.125,0,0.2,0,0.167,0.4,0.4,1,0.2,1,1.2,0.8,0,0,0.2,0.8,1,0.24,"sg",4021
"CHA",4,"james bouknight","james","bouknight",23,14,0,5.8,1.3,2.9,0.439,0.9,2.1,0.433,0.4,0.8,0.455,0.598,0.1,0.1,0.5,0.1,0.6,0.6,0.4,0.1,0.1,0.1,0.2,3.6,0.221428571428571,"sg",4022
"CHA",4,"amari bailey","amari","bailey",19,10,0,6.5,0.8,2.4,0.333,0.1,0.8,0.125,0.7,1.6,0.438,0.354,0.6,0.7,0.857,0.6,0.3,0.9,0.7,0.3,0,0.4,0.2,2.3,0.21,"pg",4017
"CHA",4,"brandon miller","brandon","miller",21,74,68,32.2,6.4,14.6,0.44,2.5,6.7,0.373,3.9,8,0.495,0.524,1.9,2.3,0.827,0.8,3.4,4.3,2.4,0.9,0.6,1.8,2.5,17.3,0.204054054054054,"sf",4005
"CHA",4,"leaky black","leaky","black",24,26,3,10.9,1,2,0.481,0.3,0.8,0.45,0.6,1.2,0.5,0.567,0.4,0.6,0.667,0.3,1.5,1.8,0.9,0.3,0.4,0.2,0.7,2.7,0.180769230769231,"sf",4014
"CHA",4,"nathan mensah","nathan","mensah",25,25,0,12.3,0.5,1.1,0.429,0,0,0,0.5,1.1,0.429,0.429,0.4,0.5,0.75,1.2,1.4,2.6,0.4,0.2,0.6,0.6,2.6,1.3,0.152,"c",4023
"CHA",4,"ish smith","ish","smith",35,43,5,17.2,1.5,3.7,0.418,0.1,0.2,0.5,1.4,3.5,0.413,0.43,0.1,0.1,0.75,0.3,1.5,1.8,3.4,0.4,0.1,1.1,1.1,3.2,0.130232558139535,"pg",4024
"CHA",4,"bryce mcgowens","bryce","mcgowens",21,59,14,14.9,1.7,3.9,0.439,0.6,1.7,0.333,1.1,2.2,0.523,0.513,1.1,1.4,0.776,0.3,1.4,1.7,0.9,0.4,0.2,0.5,1.3,5.1,0.0898305084745763,"sg",4009
"CHA",4,"nick smith jr.","nick","smith",19,51,0,14.3,2.2,5.7,0.391,1.2,2.9,0.432,1,2.8,0.35,0.5,0.3,0.3,0.867,0.4,1.1,1.4,1.2,0.2,0.1,0.8,1.1,5.9,0.088235294117647,"sg",4010
"CHA",4,"jt thor","jt","thor",21,63,3,12.4,1.3,2.9,0.437,0.4,1.3,0.346,0.8,1.6,0.51,0.514,0.2,0.3,0.55,0.7,1.6,2.3,0.5,0.2,0.4,0.2,1,3.2,0.0746031746031746,"pf",4008
"CHI",5,"javonte green","javonte","green",30,9,5,25.6,5,8.3,0.6,1.1,3,0.37,3.9,5.3,0.729,0.667,1.1,1.4,0.769,2.2,5.2,7.4,0.6,1.1,0.9,0.8,2.1,12.2,1.97777777777778,"sf",5017
"CHI",5,"henri drell","henri","drell",23,4,0,7.5,1,2.5,0.4,0.5,1.5,0.333,0.5,1,0.5,0.5,0.3,0.5,0.5,0.3,0.8,1,1,0.5,0.3,0.5,1.5,2.8,0.85,"sf",5002
"CHI",5,"zach lavine","zach","lavine",28,25,23,34.9,6.8,15,0.452,2.4,6.8,0.349,4.4,8.3,0.536,0.531,3.5,4.1,0.854,0.3,4.8,5.2,3.9,0.8,0.3,2.1,2.3,19.5,0.752,"sg",5012
"CHI",5,"adama sanogo","adama","sanogo",21,9,0,7.3,1.6,3,0.519,0,0,0,1.6,3,0.519,0.519,0.9,1.3,0.667,2.1,1.9,4,0,0.1,0,0.6,0.6,4,0.633333333333333,"pf",5003
"CHI",5,"nikola vučević","nikola","vučević",33,76,74,34.3,7.7,15.9,0.484,1.2,4.1,0.294,6.5,11.8,0.55,0.522,1.4,1.7,0.822,2.8,7.8,10.5,3.3,0.7,0.8,1.6,2.5,18,0.305263157894737,"c",5001
"CHI",5,"demar derozan","demar","derozan",34,79,79,37.8,8.2,17.2,0.48,0.9,2.8,0.333,7.3,14.3,0.509,0.507,6.6,7.7,0.853,0.5,3.8,4.3,5.3,1.1,0.6,1.7,2,24,0.29746835443038,"sf",5005
"CHI",5,"patrick williams","patrick","williams",22,43,30,27.3,3.7,8.3,0.443,1.4,3.4,0.399,2.3,4.9,0.474,0.525,1.2,1.5,0.788,1.1,2.8,3.9,1.5,0.9,0.8,1.3,2,10,0.253488372093023,"pf",5014
"CHI",5,"coby white","coby","white",23,79,78,36.5,6.8,15.3,0.447,2.6,7,0.376,4.2,8.3,0.508,0.534,2.8,3.3,0.838,0.6,4,4.5,5.1,0.7,0.2,2.1,2.4,19.1,0.234177215189873,"pg",5006
"CHI",5,"alex caruso","alex","caruso",29,71,57,28.7,3.6,7.6,0.468,1.9,4.7,0.408,1.6,2.9,0.563,0.593,1,1.4,0.76,0.9,3,3.8,3.5,1.7,1,1.4,2.5,10.1,0.201408450704225,"sg",5011
"CHI",5,"andre drummond","andre","drummond",30,79,10,17.1,3.4,6.1,0.556,0,0,0,3.4,6,0.56,0.556,1.6,2.8,0.592,3.4,5.6,9,0.5,0.9,0.6,1,1.8,8.4,0.183544303797468,"c",5007
"CHI",5,"ayo dosunmu","ayo","dosunmu",24,76,37,29.1,4.7,9.5,0.501,1.6,3.9,0.403,3.2,5.6,0.568,0.583,1.1,1.4,0.81,0.7,2.1,2.8,3.2,0.9,0.5,1.4,2.2,12.2,0.172368421052632,"sg",5009
"CHI",5,"torrey craig","torrey","craig",33,53,14,19.8,2,4.7,0.43,1.1,2.9,0.392,0.9,1.8,0.49,0.55,0.5,0.7,0.75,1.3,2.8,4.1,1.1,0.6,0.4,0.6,2.1,5.7,0.158490566037736,"sf",5013
"CHI",5,"onuralp bitim","onuralp","bitim",24,23,1,11.7,1.4,3.7,0.381,0.5,1.9,0.273,0.9,1.7,0.5,0.452,0.2,0.2,0.8,0.3,1.1,1.4,0.6,0.1,0.1,0.4,1,3.5,0.130434782608696,"sg",5004
"CHI",5,"dalen terry","dalen","terry",21,59,2,11.5,1.2,2.7,0.439,0.3,1.3,0.23,0.9,1.4,0.627,0.494,0.4,0.7,0.581,0.5,1.4,1.9,1.4,0.5,0.3,0.5,1.4,3.1,0.0830508474576271,"sg",5008
"CHI",5,"terry taylor","terry","taylor",24,31,0,6.1,0.6,1.3,0.513,0.1,0.3,0.222,0.6,1,0.6,0.538,0.1,0.2,0.8,0.5,0.6,1.2,0.3,0.2,0.1,0.2,0.5,1.5,0.0741935483870968,"pf",5021
"CHI",5,"jevon carter","jevon","carter",28,72,0,13.9,1.9,5.1,0.378,1.1,3.3,0.329,0.8,1.8,0.466,0.484,0.1,0.1,0.571,0.2,0.7,0.8,1.3,0.5,0.2,0.5,1,5,0.0569444444444444,"pg",5010
"CHI",5,"julian phillips","julian","phillips",20,40,0,8.1,0.8,1.9,0.416,0.3,1,0.316,0.5,1,0.513,0.494,0.3,0.5,0.684,0.3,0.6,0.9,0.3,0.2,0.2,0.3,1,2.2,0.055,"sf",5015
"CHI",5,"andrew funk","andrew","funk",24,5,0,2.6,0,0.8,0,0,0.6,0,0,0.2,0,0,0,0,0,0,0,0,0,0.2,0.2,0,0,0,-0.08,"sg",5016
"CLE",6,"ty jerome","ty","jerome",26,2,0,7.5,1,2,0.5,0,0.5,0,1,1.5,0.667,0.5,0,0,0,0.5,0,0.5,1.5,0,0,0.5,1,2,1.25,"sg",6018
"CLE",6,"donovan mitchell","donovan","mitchell",27,55,55,35.3,9.1,19.8,0.462,3.3,9,0.368,5.8,10.8,0.539,0.545,5,5.8,0.865,0.8,4.3,5.1,6.1,1.8,0.5,2.8,2.1,26.6,0.469090909090909,"sg",6009
"CLE",6,"evan mobley","evan","mobley",22,50,50,30.6,6.4,11,0.58,0.4,1.2,0.373,6,9.9,0.604,0.6,2.5,3.4,0.719,2.2,7.1,9.4,3.2,0.9,1.4,1.8,2.7,15.7,0.466,"pf",6012
"CLE",6,"jarrett allen","jarrett","allen",25,77,77,31.7,6.7,10.6,0.634,0,0.1,0,6.7,10.6,0.638,0.634,3,4.1,0.742,3.2,7.4,10.5,2.7,0.7,1.1,1.6,1.9,16.5,0.323376623376623,"c",6003
"CLE",6,"darius garland","darius","garland",24,57,57,33.4,6.6,14.8,0.446,2.3,6.2,0.371,4.3,8.5,0.501,0.524,2.6,3.1,0.834,0.5,2.1,2.7,6.5,1.3,0.1,3.1,1.7,18,0.294736842105263,"pg",6008
"CLE",6,"isaiah mobley","isaiah","mobley",24,10,0,7.2,1,2.4,0.417,0.3,1,0.3,0.7,1.4,0.5,0.479,0,0.1,0,0.3,0.7,1,0.6,0.2,0,0.2,0.6,2.3,0.24,"pf",6013
"CLE",6,"caris levert","caris","levert",29,68,10,28.8,5.1,12.1,0.421,1.6,4.9,0.325,3.5,7.2,0.486,0.487,2.3,3,0.766,0.6,3.5,4.1,5.1,1.1,0.5,1.7,1.8,14,0.226470588235294,"sg",6006
"CLE",6,"max strus","max","strus",27,70,70,32,4.3,10.4,0.418,2.4,6.8,0.351,1.9,3.6,0.546,0.533,1.1,1.4,0.794,0.9,3.9,4.8,4,0.9,0.4,1.6,2.4,12.2,0.204285714285714,"sf",6004
"CLE",6,"dean wade","dean","wade",27,54,32,20.5,1.8,4.3,0.414,1.5,3.7,0.391,0.3,0.6,0.567,0.584,0.4,0.5,0.769,0.7,3.4,4,0.8,0.7,0.5,0.4,1.7,5.4,0.155555555555556,"pf",6010
"CLE",6,"isaac okoro","isaac","okoro",23,69,42,27.3,3.4,7,0.49,1.2,3.1,0.391,2.2,3.8,0.57,0.577,1.3,2,0.679,1,2,3,1.9,0.8,0.5,0.8,2,9.4,0.152173913043478,"sf",6005
"CLE",6,"craig porter jr.","craig","porter",23,51,6,12.7,2.3,4.5,0.509,0.2,0.7,0.353,2,3.8,0.536,0.535,0.8,1.1,0.732,0.4,1.7,2.1,2.3,0.4,0.3,0.9,0.8,5.6,0.143137254901961,"pg",6011
"CLE",6,"sam merrill","sam","merrill",27,61,1,17.5,2.6,6.4,0.402,2.3,5.8,0.404,0.2,0.6,0.385,0.584,0.4,0.5,0.929,0.4,1.6,2,1.8,0.3,0.1,0.3,1.2,8,0.131147540983607,"sg",6007
"CLE",6,"tristan thompson","tristan","thompson",32,49,0,11.2,1.5,2.4,0.608,0,0,0,1.5,2.4,0.613,0.608,0.3,1.1,0.288,1.5,2.1,3.6,1,0.2,0.3,0.6,1.2,3.3,0.124489795918367,"c",6001
"CLE",6,"georges niang","georges","niang",30,82,10,22.3,3.5,7.7,0.449,1.8,4.8,0.376,1.6,2.9,0.572,0.567,0.6,0.7,0.85,0.3,3.1,3.4,1.2,0.4,0.2,0.9,2.3,9.4,0.114634146341463,"pf",6002
"CLE",6,"damian jones","damian","jones",28,39,0,6.9,1.1,1.8,0.597,0.1,0.4,0.214,1,1.5,0.69,0.618,0.5,0.5,0.857,0.5,1.1,1.6,0.4,0.2,0.3,0.3,0.7,2.7,0.107692307692308,"c",6014
"CLE",6,"emoni bates","emoni","bates",20,15,0,8.9,1,3.3,0.306,0.7,2.2,0.303,0.3,1.1,0.313,0.408,0.1,0.3,0.25,0.1,0.9,0.9,0.7,0.1,0.1,0.5,0.3,2.7,0.0999999999999999,"sf",6015
"CLE",6,"pete nance","pete","nance",23,8,0,3.4,0.1,0.8,0.167,0.1,0.1,1,0,0.6,0,0.25,0,0.3,0,0,0.4,0.4,0,0.1,0,0.1,0.3,0.4,-0.025,"pf",6017
"DAL",7,"dexter dennis","dexter","dennis",24,4,0,7.5,2.5,4.8,0.526,0.3,2,0.125,2.3,2.8,0.818,0.553,0.3,0.8,0.333,0.3,2,2.3,1,0,0.3,0.8,0.3,5.5,1.375,"sg",7021
"DAL",7,"luka dončić","luka","dončić",24,70,70,37.5,11.5,23.6,0.487,4.1,10.6,0.382,7.4,13,0.573,0.573,6.8,8.7,0.786,0.8,8.4,9.2,9.8,1.4,0.5,4,2.1,33.9,0.525714285714286,"pg",7008
"DAL",7,"greg brown iii","greg","brown",22,6,0,6.7,0.8,1.8,0.455,0.2,0.5,0.333,0.7,1.3,0.5,0.5,0.7,1.5,0.444,0.5,1,1.5,0.7,0,0.7,0.7,0.8,2.5,0.483333333333333,"pf",7017
"DAL",7,"p.j. washington","p.j.","washington",25,29,28,32.2,4.4,10.4,0.421,1.8,5.8,0.314,2.6,4.6,0.556,0.508,1.1,1.8,0.627,1.1,5.1,6.2,1.5,1.2,0.9,1,2,11.7,0.475862068965517,"pf",7013
"DAL",7,"kyrie irving","kyrie","irving",31,58,58,35,9.7,19.5,0.497,3,7.3,0.411,6.7,12.2,0.548,0.573,3.3,3.6,0.905,0.8,4.2,5,5.2,1.3,0.5,1.8,1.9,25.6,0.443103448275862,"sg",7001
"DAL",7,"dereck lively ii","dereck","lively",19,55,42,23.5,4,5.4,0.747,0,0,0,4,5.3,0.752,0.747,0.7,1.5,0.506,2.5,4.4,6.9,1.1,0.7,1.4,0.9,2.6,8.8,0.287272727272727,"c",7012
"DAL",7,"grant williams","grant","williams",25,47,33,26.4,2.8,6.7,0.413,1.7,4.5,0.376,1.1,2.3,0.486,0.538,0.9,1.2,0.745,1,2.6,3.6,1.7,0.5,0.6,1.1,2.9,8.1,0.195744680851064,"pf",4011
"DAL",7,"dante exum","dante","exum",28,55,17,19.8,2.9,5.5,0.533,1,2,0.491,2,3.5,0.557,0.621,1,1.2,0.779,0.5,2.3,2.7,2.9,0.4,0.1,0.9,1.5,7.8,0.185454545454545,"pg",7003
"DAL",7,"maxi kleber","maxi","kleber",32,43,7,20.3,1.5,3.4,0.432,0.7,2.1,0.348,0.7,1.3,0.574,0.541,0.8,1.1,0.702,0.7,2.6,3.3,1.6,0.4,0.7,0.7,1.8,4.4,0.174418604651163,"c",7007
"DAL",7,"josh green","josh","green",23,57,33,26.4,3.1,6.6,0.479,1.3,3.3,0.385,1.9,3.3,0.572,0.575,0.7,1,0.684,0.7,2.5,3.2,2.3,0.8,0.2,1.1,1.9,8.2,0.171929824561403,"sg",7002
"DAL",7,"tim hardaway jr.","tim","hardaway",31,79,12,26.8,5,12.4,0.402,2.7,7.6,0.353,2.3,4.8,0.478,0.51,1.8,2.1,0.852,0.3,2.9,3.2,1.8,0.5,0.1,0.9,1.3,14.4,0.144303797468354,"sf",7009
"DAL",7,"brandon williams","brandon","williams",24,17,0,6.6,1.2,3.2,0.37,0.2,0.9,0.2,1,2.3,0.436,0.398,0.6,1,0.647,0.2,0.5,0.8,1,0.1,0.1,0.4,0.2,3.2,0.141176470588235,"pg",7016
"DAL",7,"derrick jones jr.","derrick","jones",26,76,66,23.5,3.1,6.5,0.483,1.1,3.1,0.343,2.1,3.4,0.613,0.566,1.3,1.8,0.713,1.1,2.2,3.3,1,0.7,0.7,0.9,1.6,8.6,0.125,"sf",7010
"DAL",7,"seth curry","seth","curry",33,36,3,12.7,1.5,4,0.372,0.8,2.2,0.363,0.7,1.8,0.385,0.472,0.5,0.5,0.895,0.4,1,1.4,0.8,0.5,0.1,0.4,0.9,4.3,0.116666666666667,"sg",4016
"DAL",7,"dwight powell","dwight","powell",32,63,9,13.3,1.1,1.7,0.679,0,0,0.333,1.1,1.6,0.689,0.684,1,1.4,0.708,1.5,1.9,3.4,1.3,0.4,0.3,0.5,1.8,3.3,0.114285714285714,"c",7005
"DAL",7,"markieff morris","markieff","morris",34,26,1,8.3,0.9,2.6,0.338,0.6,1.6,0.357,0.3,1,0.308,0.449,0.2,0.2,0.833,0.2,1.3,1.5,0.6,0.2,0.1,0.5,0.5,2.5,0.103846153846154,"pf",7015
"DAL",7,"olivier-maxence prosper","olivier-maxence","prosper",21,40,1,8.4,1,2.6,0.385,0.3,1.1,0.289,0.7,1.5,0.458,0.447,0.7,1,0.683,0.6,1.4,2,0.6,0.2,0.1,0.2,0.5,3,0.095,"pf",7006
"DAL",7,"jaden hardy","jaden","hardy",21,73,7,13.5,2.7,6.6,0.407,1.1,3.1,0.362,1.6,3.5,0.447,0.492,0.8,1,0.776,0.3,1.5,1.8,1.5,0.3,0.1,0.8,1.1,7.3,0.0835616438356164,"sg",7011
"DAL",7,"a.j. lawson","a.j.","lawson",23,42,0,7.4,1.3,2.9,0.446,0.3,1.2,0.26,1,1.7,0.577,0.5,0.4,0.5,0.652,0.3,0.9,1.2,0.5,0.2,0.1,0.3,0.5,3.2,0.0761904761904762,"sg",7004
"DEN",8,"nikola jokić","nikola","jokić",28,79,79,34.6,10.4,17.9,0.583,1.1,2.9,0.359,9.4,14.9,0.626,0.612,4.5,5.5,0.817,2.8,9.5,12.4,9,1.4,0.9,3,2.5,26.4,0.488607594936709,"c",8003
"DEN",8,"jamal murray","jamal","murray",26,59,59,31.5,8,16.7,0.481,2.5,5.8,0.425,5.6,10.9,0.51,0.554,2.7,3.1,0.853,0.7,3.4,4.1,6.5,1,0.7,2.1,1.8,21.2,0.377966101694915,"pg",8001
"DEN",8,"aaron gordon","aaron","gordon",28,73,73,31.5,5.5,9.8,0.556,0.5,1.9,0.29,4.9,7.9,0.619,0.584,2.4,3.7,0.658,2.4,4.1,6.5,3.5,0.8,0.6,1.4,1.9,13.9,0.250684931506849,"pf",8010
"DEN",8,"michael porter jr.","michael","porter",25,81,81,31.7,6.4,13.3,0.484,2.7,6.8,0.397,3.7,6.5,0.575,0.586,1.1,1.4,0.836,1.3,5.7,7,1.5,0.5,0.7,1.1,1.8,16.7,0.223456790123457,"sf",8006
"DEN",8,"deandre jordan","deandre","jordan",35,36,2,11,1.6,2.6,0.624,0,0,0,1.6,2.6,0.624,0.624,0.7,1.5,0.491,1.5,2.9,4.4,0.7,0.2,0.4,0.6,1.6,3.9,0.2,"c",8011
"DEN",8,"collin gillespie","collin","gillespie",24,24,0,9.4,1.3,2.9,0.464,0.6,1.6,0.395,0.7,1.3,0.548,0.572,0.3,0.5,0.667,0,0.8,0.9,1.1,0.5,0,0.6,1,3.6,0.154166666666667,"pg",8017
"DEN",8,"kentavious caldwell-pope","kentavious","caldwell-pope",30,76,76,31.6,3.6,7.7,0.46,1.6,4.1,0.406,1.9,3.7,0.52,0.566,1.3,1.5,0.894,0.4,2,2.4,2.4,1.3,0.6,1,2,10.1,0.151315789473684,"sg",8009
"DEN",8,"reggie jackson","reggie","jackson",33,82,23,22.2,4,9.2,0.431,1.2,3.5,0.359,2.7,5.8,0.475,0.499,1,1.2,0.806,0.4,1.5,1.9,3.8,0.5,0.2,1.3,1.8,10.2,0.120731707317073,"pg",8002
"DEN",8,"christian braun","christian","braun",22,82,4,20.2,2.7,5.9,0.46,0.8,2,0.384,1.9,3.9,0.498,0.525,1.1,1.6,0.694,1,2.8,3.7,1.6,0.5,0.4,0.7,1.7,7.3,0.110975609756098,"sg",8005
"DEN",8,"peyton watson","peyton","watson",21,80,4,18.6,2.6,5.6,0.465,0.6,1.9,0.296,2,3.7,0.553,0.516,0.9,1.3,0.67,0.7,2.5,3.2,1.1,0.5,1.1,0.7,1.8,6.7,0.10625,"sf",8007
"DEN",8,"braxton key","braxton","key",26,20,0,3,0.4,0.9,0.412,0.1,0.3,0.4,0.3,0.6,0.417,0.471,0.3,0.4,0.75,0.2,0.8,0.9,0.5,0.1,0.1,0.1,0.3,1.1,0.1,"sf",8015
"DEN",8,"jay huff","jay","huff",25,20,0,2.5,0.5,0.8,0.6,0.2,0.5,0.333,0.3,0.3,1,0.7,0.1,0.1,1,0.1,0.5,0.6,0.1,0.1,0.2,0.1,0.5,1.2,0.09,"c",8018
"DEN",8,"justin holiday","justin","holiday",34,58,9,14.9,1.5,3.3,0.454,0.9,2.3,0.404,0.6,1,0.569,0.595,0.1,0.1,0.75,0.2,1.1,1.2,1.2,0.6,0.2,0.2,1.2,4,0.0896551724137931,"sg",8008
"DEN",8,"zeke nnaji","zeke","nnaji",23,58,0,9.9,1.2,2.6,0.463,0.1,0.4,0.261,1.1,2.2,0.5,0.483,0.7,1.1,0.677,1.1,1.1,2.2,0.6,0.3,0.7,0.5,1.4,3.2,0.0810344827586207,"pf",8013
"DEN",8,"jalen pickett","jalen","pickett",24,27,0,4.5,0.6,1.3,0.429,0.3,0.9,0.36,0.2,0.4,0.6,0.557,0.1,0.1,0.75,0,0.5,0.5,0.8,0.1,0,0.3,0.5,1.6,0.0740740740740741,"sg",8012
"DEN",8,"julian strawther","julian","strawther",21,50,0,10.9,1.6,4.4,0.369,0.8,2.8,0.297,0.8,1.7,0.488,0.462,0.4,0.6,0.71,0.1,1.1,1.2,0.9,0.3,0.1,0.5,1.1,4.5,0.07,"sf",8014
"DEN",8,"hunter tyson","hunter","tyson",23,18,0,2.7,0.4,1.1,0.4,0.2,0.8,0.286,0.2,0.3,0.667,0.5,0,0,0,0.1,0.4,0.5,0.1,0.1,0,0.1,0.6,1.1,0.0555555555555556,"pf",8016
"DET",9,"jalen duren","jalen","duren",20,61,60,29.1,5.7,9.2,0.619,0,0.1,0,5.7,9.2,0.623,0.619,2.3,3,0.79,3.1,8.5,11.6,2.4,0.5,0.8,2.1,3.1,13.8,0.373770491803279,"c",9007
"DET",9,"jared rhoden","jared","rhoden",24,17,0,14.4,1.9,3.9,0.5,0.7,1.8,0.387,1.2,2.1,0.6,0.591,0.3,0.5,0.625,0.2,1.8,1.9,0.8,0.2,0.8,0.4,1.6,4.9,0.352941176470588,"sg",9009
"DET",9,"cade cunningham","cade","cunningham",22,62,62,33.5,8.5,18.8,0.449,1.9,5.4,0.355,6.5,13.4,0.487,0.5,3.8,4.4,0.869,0.5,3.8,4.3,7.5,0.9,0.4,3.4,2.5,22.7,0.346774193548387,"pg",9006
"DET",9,"isaiah stewart","isaiah","stewart",22,46,45,30.9,4,8.3,0.487,1.5,3.8,0.383,2.6,4.5,0.575,0.575,1.4,1.8,0.753,1.6,5,6.6,1.6,0.4,0.8,1.4,2.2,10.9,0.308695652173913,"pf",9012
"DET",9,"buddy boeheim","buddy","boeheim",24,10,0,8.4,0.9,2.9,0.31,0.8,2.5,0.32,0.1,0.4,0.25,0.448,0.8,1,0.8,0.3,0.7,1,0.3,0,0.1,0,0.5,3.4,0.26,"sf",9013
"DET",9,"killian hayes","killian","hayes",22,42,31,24,2.8,6.7,0.413,0.5,1.8,0.297,2.3,5,0.455,0.452,0.8,1.2,0.66,0.3,2.6,2.8,4.9,0.9,0.5,1.2,1.8,6.9,0.25,"pg",9021
"DET",9,"stanley umude","stanley","umude",24,24,2,12.8,1.5,3.5,0.44,1,2.2,0.453,0.5,1.3,0.419,0.583,1.2,1.3,0.906,0.3,1.8,2.1,0.5,0.3,0.3,0.6,1.7,5.3,0.241666666666667,"sg",9011
"DET",9,"kevin knox","kevin","knox",24,31,11,18.1,2.8,6,0.462,1,3,0.33,1.8,3,0.598,0.546,0.6,0.7,0.909,0.6,1.8,2.4,0.7,0.4,0.2,0.7,1.6,7.2,0.22258064516129,"pf",9022
"DET",9,"ausar thompson","ausar","thompson",21,63,38,25.1,3.7,7.6,0.483,0.3,1.8,0.186,3.3,5.8,0.575,0.505,1.1,1.9,0.597,2,4.3,6.4,1.9,1.1,0.9,1.3,2.8,8.8,0.207936507936508,"sf",9008
"DET",9,"isaiah livers","isaiah","livers",25,23,6,20.4,1.7,5,0.345,1,3.3,0.286,0.8,1.7,0.462,0.44,0.5,0.8,0.667,0.7,1.4,2.1,1.1,0.6,0.2,0.7,1.9,5,0.204347826086956,"sf",9023
"DET",9,"james wiseman","james","wiseman",22,63,6,17.3,3,4.8,0.613,0,0,0,3,4.8,0.617,0.613,1.1,1.6,0.706,1.7,3.6,5.3,0.9,0.2,0.6,1,2.2,7.1,0.171428571428571,"c",9005
"DET",9,"jaden ivey","jaden","ivey",21,77,61,28.8,5.4,12.6,0.429,1.6,4.8,0.336,3.8,7.8,0.485,0.492,2.9,3.9,0.749,1.1,2.3,3.4,3.8,0.7,0.5,2.5,2.6,15.4,0.17012987012987,"sg",9003
"DET",9,"joe harris","joe","harris",32,16,0,10.6,0.9,2.4,0.359,0.6,1.9,0.333,0.3,0.6,0.444,0.487,0.1,0.1,0.5,0.2,0.6,0.8,0.6,0.2,0.1,0.3,1.2,2.4,0.14375,"sg",9024
"DET",9,"marcus sasser","marcus","sasser",23,71,11,19,3.1,7.2,0.428,1.3,3.4,0.375,1.8,3.8,0.474,0.516,0.8,0.9,0.879,0.2,1.6,1.8,3.3,0.6,0.2,1.3,1.5,8.3,0.122535211267606,"pg",9004
"DET",9,"malcolm cazalon","malcolm","cazalon",22,1,0,3,0,0,0,0,0,0,0,0,0,0,0,0,0,0,0,0,0,0,0,0,0,0,0,"sg",9025
"GSW",10,"draymond green","draymond","green",33,55,52,27.1,3.4,6.8,0.497,0.9,2.3,0.395,2.4,4.4,0.551,0.566,1,1.3,0.73,1.4,5.9,7.2,6,1,0.9,2.5,3,8.6,0.318181818181818,"pf",10012
"GSW",10,"stephen curry","stephen","curry",35,74,74,32.7,8.8,19.5,0.45,4.8,11.8,0.408,4,7.7,0.515,0.573,4,4.4,0.923,0.5,4,4.5,5.1,0.7,0.4,2.8,1.6,26.4,0.313513513513514,"pg",10007
"GSW",10,"pat spencer","pat","spencer",27,6,0,4.3,0.3,0.7,0.5,0,0.3,0,0.3,0.3,1,0.5,0,0,0,0.3,0.3,0.7,0.8,0,0,0.2,0.2,0.7,0.266666666666667,"pg",10017
"GSW",10,"chris paul","chris","paul",38,58,18,26.4,3.6,8.1,0.441,1.3,3.6,0.371,2.2,4.4,0.498,0.525,0.7,0.9,0.827,0.3,3.6,3.9,6.8,1.2,0.1,1.3,1.9,9.2,0.262068965517241,"pg",10011
"GSW",10,"usman garuba","usman","garuba",21,6,0,3,0.2,1,0.167,0,0.2,0,0.2,0.8,0.2,0.167,0.2,0.3,0.5,0.5,0.7,1.2,0.2,0.2,0.5,0.3,0.3,0.5,0.233333333333333,"pf",10004
"GSW",10,"gui santos","gui","santos",21,23,0,8.3,1.2,2.4,0.509,0.4,1.2,0.37,0.8,1.2,0.643,0.6,0.7,0.7,0.941,0.7,1.4,2.1,0.6,0.2,0.1,0.3,1,3.6,0.221739130434783,"pf",10001
"GSW",10,"jonathan kuminga","jonathan","kuminga",21,74,46,26.3,6.2,11.6,0.529,0.7,2.2,0.321,5.4,9.4,0.578,0.56,3,4,0.746,1.2,3.6,4.8,2.2,0.7,0.5,1.6,2.3,16.1,0.22027027027027,"pf",10003
"GSW",10,"klay thompson","klay","thompson",33,77,63,29.7,6.4,14.7,0.432,3.5,9,0.387,2.9,5.7,0.503,0.551,1.6,1.8,0.927,0.5,2.8,3.3,2.3,0.6,0.5,1.5,1.6,17.9,0.18961038961039,"sf",10006
"GSW",10,"trayce jackson-davis","trayce","jackson-davis",23,68,16,16.6,3.4,4.9,0.702,0,0,0,3.4,4.9,0.704,0.702,1.1,1.9,0.561,2,3,5,1.2,0.4,1.1,0.7,1.6,7.9,0.185294117647059,"pf",10008
"GSW",10,"brandin podziemski","brandin","podziemski",20,74,28,26.6,3.7,8.1,0.454,1.2,3.2,0.385,2.4,4.9,0.499,0.529,0.7,1.1,0.633,1.6,4.2,5.8,3.7,0.8,0.2,1.2,1.6,9.2,0.185135135135135,"sg",10009
"GSW",10,"andrew wiggins","andrew","wiggins",28,71,59,27,5,11,0.453,1.3,3.6,0.358,3.7,7.4,0.498,0.511,2,2.7,0.751,1.5,3,4.5,1.7,0.6,0.6,1.2,2.1,13.2,0.17887323943662,"sf",10002
"GSW",10,"gary payton ii","gary","payton",31,44,0,15.5,2.3,4.2,0.563,0.5,1.3,0.364,1.9,2.9,0.648,0.617,0.3,0.5,0.609,1,1.5,2.6,1.1,0.9,0.4,0.6,1.8,5.5,0.177272727272727,"sg",10016
"GSW",10,"dario šarić","dario","šarić",29,64,9,17.2,2.8,6.1,0.466,1.2,3.1,0.376,1.7,3,0.56,0.562,1.2,1.5,0.849,1.1,3.3,4.4,2.3,0.5,0.2,1.2,1.8,8,0.165625,"c",10005
"GSW",10,"kevon looney","kevon","looney",27,74,36,16.1,1.9,3.1,0.597,0,0,0,1.9,3.1,0.599,0.597,0.8,1.1,0.675,1.9,3.7,5.7,1.8,0.4,0.4,0.7,2.1,4.5,0.143243243243243,"c",10010
"GSW",10,"moses moody","moses","moody",21,66,9,17.5,2.9,6.4,0.462,1.1,3,0.36,1.8,3.3,0.555,0.548,1.1,1.4,0.785,1,2,3,0.9,0.6,0.4,0.7,1.4,8.1,0.128787878787879,"sg",10013
"GSW",10,"cory joseph","cory","joseph",32,26,0,11.4,0.9,2.5,0.359,0.5,1.6,0.31,0.4,0.8,0.455,0.461,0.2,0.3,0.571,0.2,0.9,1.2,1.6,0.2,0.1,0.5,1,2.4,0.126923076923077,"sg",10021
"GSW",10,"lester quinones","lester","quinones",23,37,0,10.6,1.5,3.8,0.397,0.9,2.4,0.364,0.6,1.4,0.453,0.511,0.5,0.8,0.69,0.6,1.4,1.9,1,0.2,0.1,0.5,1.2,4.4,0.121621621621622,"sg",10014
"GSW",10,"jerome robinson","jerome","robinson",26,22,0,3.7,0.5,1.5,0.333,0.1,0.8,0.118,0.4,0.7,0.563,0.364,0.3,0.5,0.636,0,0.2,0.3,0.2,0,0.1,0.1,0.2,1.4,0.0318181818181818,"sg",10015
"HOU",11,"tari eason","tari","eason",22,22,0,21.8,4,8.6,0.466,0.8,2.3,0.36,3.2,6.3,0.504,0.513,1,1.5,0.636,2.1,4.9,7,1.2,1.4,0.9,0.9,2.3,9.8,0.65,"pf",11016
"HOU",11,"alperen sengun","alperen","sengun",21,63,63,32.5,8.4,15.6,0.537,0.5,1.8,0.297,7.8,13.8,0.567,0.553,3.9,5.6,0.693,2.9,6.4,9.3,5,1.2,0.7,2.6,3.3,21.1,0.40952380952381,"c",11005
"HOU",11,"boban marjanović","boban","marjanović",35,14,0,5.1,1.3,2.4,0.529,0,0.1,0,1.3,2.3,0.563,0.529,0.6,1,0.643,0.5,1.8,2.3,0.4,0.1,0.1,0.4,0.4,3.2,0.3,"c",11004
"HOU",11,"fred vanvleet","fred","vanvleet",29,73,73,36.8,5.8,13.9,0.416,3.1,8,0.387,2.7,5.9,0.454,0.527,2.7,3.1,0.86,0.5,3.4,3.8,8.1,1.4,0.8,1.7,2.5,17.4,0.291780821917808,"pg",11010
"HOU",11,"amen thompson","amen","thompson",21,62,23,22.4,3.9,7.2,0.536,0.1,0.9,0.138,3.7,6.3,0.595,0.545,1.7,2.5,0.684,2.4,4.2,6.6,2.6,1.3,0.6,1.5,2.3,9.5,0.241935483870968,"sf",11014
"HOU",11,"nate hinton","nate","hinton",24,15,0,5,0.7,1.7,0.423,0.5,0.9,0.5,0.3,0.8,0.333,0.558,0.3,0.3,0.8,0.5,1,1.5,0.7,0.2,0.1,0.2,0.7,2.2,0.233333333333333,"sg",11017
"HOU",11,"jabari smith jr.","jabari","smith",20,76,76,31.9,5,11,0.454,1.8,5,0.363,3.2,6,0.53,0.537,2,2.4,0.811,1.8,6.3,8.1,1.6,0.7,0.8,1.2,2.6,13.7,0.227631578947368,"pf",11009
"HOU",11,"cam whitmore","cam","whitmore",19,47,2,18.7,4.5,9.9,0.454,1.7,4.7,0.359,2.8,5.3,0.538,0.539,1.6,2.4,0.679,0.9,2.9,3.8,0.7,0.6,0.4,1,1.4,12.3,0.225531914893617,"sf",11015
"HOU",11,"jalen green","jalen","green",21,82,82,31.7,6.9,16.2,0.423,2.5,7.4,0.332,4.4,8.9,0.498,0.498,3.5,4.3,0.804,0.5,4.7,5.2,3.5,0.8,0.3,2.3,1.4,19.6,0.207317073170732,"sg",11006
"HOU",11,"jermaine samuels","jermaine","samuels",25,14,0,4.3,0.6,1,0.643,0,0.1,0,0.6,0.9,0.75,0.643,0.1,0.1,1,0.2,0.7,0.9,0.2,0.1,0.1,0,0.4,1.4,0.164285714285714,"sf",11018
"HOU",11,"dillon brooks","dillon","brooks",28,72,72,30.9,4.6,10.7,0.428,1.8,5.1,0.359,2.7,5.5,0.492,0.515,1.7,2,0.844,0.7,2.7,3.4,1.7,0.9,0.1,1.2,3.3,12.7,0.155555555555556,"sf",11002
"HOU",11,"jock landale","jock","landale",28,56,3,13.6,1.9,3.7,0.515,0.2,0.7,0.25,1.7,3,0.578,0.539,0.9,1.2,0.8,1.6,1.5,3.1,1.2,0.4,0.6,0.6,1.3,4.9,0.133928571428571,"c",11001
"HOU",11,"jeenathan williams","jeenathan","williams",24,22,0,5.9,1.2,2.3,0.54,0.1,0.2,0.4,1.1,2,0.556,0.56,0.3,0.6,0.538,0.5,0.5,1,0.3,0.2,0,0.2,0.5,2.9,0.127272727272727,"sg",11011
"HOU",11,"jae'sean tate","jae'sean","tate",28,65,9,15.9,1.7,3.5,0.472,0.4,1.2,0.299,1.3,2.3,0.559,0.522,0.4,0.6,0.667,0.9,2.1,3,1,0.6,0.2,0.6,2.1,4.1,0.0969230769230769,"sf",11012
"HOU",11,"aaron holiday","aaron","holiday",27,78,1,16.3,2.4,5.3,0.446,1.1,2.8,0.387,1.3,2.6,0.51,0.547,0.7,0.8,0.921,0.3,1.3,1.6,1.8,0.5,0.1,0.7,1.6,6.6,0.0884615384615385,"pg",11007
"HOU",11,"jeff green","jeff","green",37,78,6,16.8,2.1,4.7,0.456,0.7,2.1,0.331,1.5,2.6,0.553,0.529,1.6,1.9,0.819,0.6,1.7,2.3,0.9,0.2,0.4,0.6,1.3,6.5,0.0871794871794872,"pf",11008
"HOU",11,"reggie bullock","reggie","bullock",32,44,0,9.5,0.8,1.9,0.415,0.6,1.5,0.403,0.2,0.3,0.467,0.579,0,0,1,0.1,1.5,1.7,0.3,0.3,0.1,0.2,0.7,2.2,0.075,"sf",11013
"IND",12,"quenton jackson","quenton","jackson",25,3,0,3.7,0,0.3,0,0,0,0,0,0.3,0,0,0.7,0.7,1,0,1.3,1.3,0.7,0.3,0,0,0.3,0.7,0.9,"pg",12018
"IND",12,"oscar tshiebwe","oscar","tshiebwe",24,8,0,5.3,1.3,2.5,0.5,0,0,0,1.3,2.5,0.5,0.5,0.8,1,0.75,1,1,2,0.3,0.3,0.1,0,0.4,3.3,0.575,"pf",12003
"IND",12,"tyrese haliburton","tyrese","haliburton",23,69,68,32.2,7.2,15.2,0.477,2.8,7.8,0.364,4.4,7.4,0.595,0.57,2.8,3.3,0.855,0.5,3.4,3.9,10.9,1.2,0.7,2.3,1.1,20.1,0.376811594202899,"pg",12009
"IND",12,"myles turner","myles","turner",27,77,77,27,6.2,11.8,0.524,1.5,4.2,0.358,4.7,7.6,0.615,0.587,3.2,4.1,0.773,1.5,5.5,6.9,1.3,0.5,1.9,1.4,3,17.1,0.257142857142857,"c",12006
"IND",12,"jalen smith","jalen","smith",23,61,14,17.2,3.8,6.5,0.592,1,2.4,0.424,2.8,4.1,0.689,0.67,1.2,1.7,0.692,1.8,3.7,5.5,1,0.3,0.6,0.7,2,9.9,0.219672131147541,"c",12011
"IND",12,"bennedict mathurin","bennedict","mathurin",21,59,19,26.1,5,11.2,0.446,1.4,3.6,0.374,3.7,7.6,0.481,0.507,3.1,3.8,0.821,1,2.9,4,2,0.6,0.2,1.6,2,14.5,0.216949152542373,"sf",12001
"IND",12,"t.j. mcconnell","t.j.","mcconnell",31,71,4,18.2,4.6,8.4,0.556,0.3,0.6,0.409,4.4,7.7,0.568,0.572,0.7,0.9,0.79,0.5,2.2,2.7,5.5,1,0.1,1.5,1.1,10.2,0.197183098591549,"pg",12008
"IND",12,"aaron nesmith","aaron","nesmith",24,72,47,27.7,4.4,8.8,0.496,1.9,4.6,0.419,2.4,4.2,0.581,0.606,1.5,1.9,0.781,0.9,2.9,3.8,1.5,0.9,0.7,0.9,3.3,12.2,0.186111111111111,"sf",12007
"IND",12,"isaiah jackson","isaiah","jackson",22,59,3,13.1,2.6,3.9,0.665,0,0.1,0,2.6,3.9,0.677,0.665,1.2,1.7,0.716,1.6,2.4,4,0.8,0.6,1,0.7,2.3,6.5,0.176271186440678,"c",12013
"IND",12,"james johnson","james","johnson",36,9,0,5.2,0.3,1.1,0.3,0,0.2,0,0.3,0.9,0.375,0.3,0.2,0.2,1,0.1,0.3,0.4,0.9,0.6,0.1,0.6,1,0.9,0.166666666666667,"pf",12015
"IND",12,"andrew nembhard","andrew","nembhard",24,68,47,25,3.8,7.7,0.498,0.9,2.5,0.357,2.9,5.2,0.567,0.557,0.7,0.8,0.804,0.5,1.5,2.1,4.1,0.9,0.1,1.5,2.1,9.2,0.160294117647059,"pg",12002
"IND",12,"obi toppin","obi","toppin",25,82,28,21.1,4,7.1,0.573,1.2,3.1,0.403,2.8,4,0.706,0.661,0.9,1.2,0.77,1,2.9,3.9,1.6,0.6,0.5,0.8,1.7,10.3,0.154878048780488,"pf",12005
"IND",12,"jarace walker","jarace","walker",20,33,0,10.3,1.4,3.3,0.409,0.7,1.7,0.4,0.7,1.7,0.418,0.509,0.2,0.3,0.889,0.4,1.5,1.9,1.2,0.5,0.3,0.5,0.9,3.6,0.151515151515152,"pf",12012
"IND",12,"ben sheppard","ben","sheppard",22,57,1,14.3,1.6,4,0.393,0.9,2.7,0.314,0.7,1.3,0.562,0.5,0.4,0.5,0.885,0.3,1.3,1.6,0.9,0.6,0,0.3,1.5,4.4,0.0824561403508772,"sg",12010
"IND",12,"kendall brown","kendall","brown",20,15,0,4.2,0.5,1,0.533,0,0.1,0,0.5,0.9,0.615,0.533,0.3,0.5,0.625,0.2,0.1,0.3,0.3,0,0,0.1,0.6,1.4,0.08,"sg",12014
"IND",12,"isaiah wong","isaiah","wong",23,1,0,4,1,3,0.333,0,1,0,1,2,0.5,0.333,0,0,0,0,0,0,0,0,0,0,0,2,0,"sg",12017
"LAC",13,"moussa diabaté","moussa","diabaté",22,11,0,5.8,0.9,1.7,0.526,0,0,0,0.9,1.7,0.526,0.526,0.8,1.3,0.643,1.4,0.8,2.2,0.4,0.5,0.1,0.2,0.4,2.6,0.390909090909091,"c",13004
"LAC",13,"kawhi leonard","kawhi","leonard",32,68,68,34.3,9,17.1,0.525,2.1,4.9,0.417,6.9,12.1,0.569,0.585,3.7,4.2,0.885,1.2,4.9,6.1,3.6,1.6,0.9,1.8,1.4,23.7,0.375,"sf",13010
"LAC",13,"james harden","james","harden",34,72,72,34.3,4.9,11.4,0.428,2.6,6.8,0.381,2.3,4.6,0.497,0.541,4.2,4.8,0.878,0.5,4.7,5.1,8.5,1.1,0.8,2.6,1.8,16.6,0.311111111111111,"pg",13008
"LAC",13,"paul george","paul","george",33,74,74,33.8,7.9,16.7,0.471,3.3,7.9,0.413,4.6,8.8,0.523,0.569,3.6,3.9,0.907,0.5,4.7,5.2,3.5,1.5,0.5,2.1,2.7,22.6,0.298648648648649,"pf",13007
"LAC",13,"ivica zubac","ivica","zubac",26,68,68,26.4,5,7.6,0.649,0,0,0,5,7.6,0.649,0.649,1.8,2.4,0.723,2.9,6.3,9.2,1.4,0.3,1.2,1.2,2.6,11.7,0.285294117647059,"c",13001
"LAC",13,"xavier moon","xavier","moon",29,14,1,8.5,1.1,3.3,0.326,0.1,1.2,0.118,0.9,2.1,0.448,0.348,0.1,0.1,0.5,0.6,0.7,1.3,1.5,0.2,0.2,0.4,0.6,2.4,0.214285714285714,"sg",13015
"LAC",13,"mason plumlee","mason","plumlee",33,46,11,14.7,1.9,3.3,0.569,0,0.1,0,1.9,3.2,0.592,0.569,1.5,2.2,0.707,1.3,3.8,5.1,1.2,0.3,0.4,0.8,1.5,5.3,0.204347826086956,"c",13014
"LAC",13,"russell westbrook","russell","westbrook",35,68,11,22.5,4.4,9.8,0.454,0.6,2.3,0.273,3.8,7.5,0.509,0.486,1.6,2.4,0.688,1.4,3.7,5,4.5,1.1,0.3,2.1,1.8,11.1,0.201470588235294,"pg",13012
"LAC",13,"jordan miller","jordan","miller",24,8,0,3.5,0.6,1.1,0.556,0.1,0.3,0.5,0.5,0.9,0.571,0.611,0.3,0.3,1,0.4,0.3,0.6,0,0,0,0.1,0.3,1.6,0.2,"sf",13017
"LAC",13,"bones hyland","bones","hyland",23,37,5,14.6,2.6,6.8,0.386,1.2,3.6,0.326,1.4,3.1,0.457,0.474,0.5,0.6,0.783,0.1,1.4,1.5,2.5,0.7,0.1,1.2,1.4,6.9,0.167567567567568,"pg",13016
"LAC",13,"daniel theis","daniel","theis",31,59,3,17.1,2.6,4.9,0.536,0.4,1.2,0.371,2.2,3.7,0.589,0.581,0.6,0.8,0.76,1.4,2.7,4.1,1,0.4,0.9,0.7,2.1,6.3,0.161016949152542,"c",13003
"LAC",13,"norman powell","norman","powell",30,76,3,26.2,4.9,10.1,0.486,2.2,5.1,0.435,2.7,5.1,0.536,0.594,1.9,2.3,0.831,0.2,2.4,2.6,1.1,0.6,0.3,0.9,1.8,13.9,0.157894736842105,"sg",13005
"LAC",13,"terance mann","terance","mann",27,75,71,25,3.4,6.6,0.515,0.9,2.7,0.348,2.4,3.9,0.633,0.587,1.1,1.3,0.832,1.2,2.2,3.4,1.6,0.6,0.2,0.6,1.9,8.8,0.141333333333333,"sg",13006
"LAC",13,"brandon boston jr.","brandon","boston",22,32,0,10.8,2,5,0.404,0.4,1.6,0.269,1.6,3.4,0.468,0.447,0.7,1,0.697,0.6,1,1.6,0.4,0.3,0.3,0.8,1.3,5.2,0.115625,"sf",13013
"LAC",13,"amir coffey","amir","coffey",26,70,13,20.9,2.4,5,0.472,1,2.6,0.38,1.4,2.4,0.571,0.571,0.9,1,0.859,0.4,1.7,2.1,1.1,0.6,0.2,0.5,1.5,6.6,0.105714285714286,"sf",13009
"LAC",13,"kobe brown","kobe","brown",24,44,0,9,0.8,2,0.411,0.3,1.1,0.292,0.5,1,0.548,0.489,0,0,0.5,0.5,1,1.4,0.6,0.3,0.1,0.2,1.1,2,0.0681818181818182,"pf",13011
"LAC",13,"joshua primo","joshua","primo",21,2,0,5,0.5,1.5,0.333,0,0.5,0,0.5,1,0.5,0.333,0,0,0,0.5,0,0.5,0,0,0.5,2,0,1,-0.5,"sg",13021
"LAL",14,"anthony davis","anthony","davis",30,76,76,35.5,9.4,16.9,0.556,0.4,1.4,0.271,9,15.5,0.582,0.567,5.5,6.8,0.816,3.1,9.5,12.6,3.5,1.2,2.3,2.1,2.3,24.7,0.439473684210526,"c",14004
"LAL",14,"lebron james","lebron","james",39,71,71,35.3,9.6,17.9,0.54,2.1,5.1,0.41,7.5,12.8,0.592,0.599,4.3,5.7,0.75,0.9,6.4,7.3,8.3,1.3,0.5,3.5,1.1,25.7,0.42112676056338,"pf",14006
"LAL",14,"jarred vanderbilt","jarred","vanderbilt",24,29,6,20,2,3.9,0.518,0.3,0.9,0.296,1.8,3,0.586,0.553,0.8,1.2,0.667,1.4,3.3,4.8,1.2,1.2,0.2,1,1.5,5.2,0.320689655172414,"pf",14013
"LAL",14,"spencer dinwiddie","spencer","dinwiddie",30,28,4,24.2,2,5,0.397,1.3,3.2,0.389,0.8,1.8,0.412,0.521,1.6,1.8,0.88,0.1,1.5,1.7,2.4,0.5,0.5,1,1.9,6.8,0.275,"pg",14014
"LAL",14,"gabe vincent","gabe","vincent",27,11,0,19.8,1.4,4.5,0.306,0.3,2.5,0.107,1.1,1.9,0.571,0.337,0.1,0.2,0.5,0.4,0.5,0.8,1.9,0.8,0,0.5,1.7,3.1,0.263636363636364,"pg",14017
"LAL",14,"d'angelo russell","d'angelo","russell",27,76,69,32.7,6.5,14.2,0.456,3,7.2,0.415,3.5,7,0.497,0.56,2.1,2.5,0.828,0.4,2.7,3.1,6.3,0.9,0.5,2.1,2.1,18,0.244736842105263,"pg",14005
"LAL",14,"austin reaves","austin","reaves",25,82,57,32.1,5.6,11.5,0.486,1.9,5.1,0.367,3.7,6.3,0.583,0.568,2.8,3.3,0.853,0.7,3.6,4.3,5.5,0.8,0.3,2.1,1.9,15.9,0.223170731707317,"sg",14002
"LAL",14,"rui hachimura","rui","hachimura",25,68,39,26.9,5.3,9.9,0.537,1.4,3.4,0.422,3.9,6.5,0.597,0.609,1.5,2,0.739,0.9,3.5,4.3,1.2,0.6,0.4,0.7,1.5,13.6,0.210294117647059,"pf",14001
"LAL",14,"christian wood","christian","wood",28,50,1,17.4,2.5,5.3,0.466,0.7,2.3,0.307,1.8,3,0.587,0.532,1.3,1.9,0.702,0.8,4.3,5.1,1,0.3,0.7,1,1.4,6.9,0.192,"pf",14010
"LAL",14,"d'moi hodge","d'moi","hodge",25,7,0,5.9,0.7,2.1,0.333,0.4,1.7,0.25,0.3,0.4,0.667,0.433,0.1,0.3,0.5,0,0,0,0.7,0.1,0.1,0.1,0.6,2,0.171428571428571,"sg",14021
"LAL",14,"cam reddish","cam","reddish",24,48,26,20.5,1.9,4.9,0.389,0.8,2.3,0.336,1.1,2.6,0.435,0.468,0.9,1.1,0.759,0.6,1.5,2.1,1,1,0.3,0.6,1.3,5.4,0.125,"sf",14011
"LAL",14,"colin castleton","colin","castleton",23,16,0,3.7,0.6,1,0.563,0,0,0,0.6,1,0.563,0.563,0.4,0.4,1,0.4,0.4,0.8,0.2,0.1,0,0.2,0.7,1.5,0.125,"c",14016
"LAL",14,"taurean prince","taurean","prince",29,78,49,27,3.2,7.3,0.442,1.8,4.6,0.396,1.4,2.8,0.519,0.566,0.6,0.9,0.735,0.3,2.7,2.9,1.5,0.7,0.4,0.9,1.9,8.9,0.116666666666667,"pf",14003
"LAL",14,"jaxson hayes","jaxson","hayes",23,70,5,12.5,1.8,2.5,0.72,0,0.1,0,1.8,2.4,0.754,0.72,0.7,1.2,0.622,1,2,3,0.5,0.5,0.4,0.6,1.8,4.3,0.0985714285714286,"c",14007
"LAL",14,"max christie","max","christie",20,67,7,14.1,1.5,3.6,0.427,0.6,1.8,0.356,0.9,1.8,0.496,0.515,0.5,0.7,0.783,0.2,1.9,2.1,0.9,0.3,0.3,0.5,0.9,4.2,0.0746268656716418,"sg",14009
"LAL",14,"harry giles","harry","giles",25,7,0,2.7,0.1,0.9,0.167,0,0.4,0,0.1,0.4,0.333,0.167,0,0,0,0,0.6,0.6,0,0.1,0,0,0,0.3,0.0285714285714285,"c",14018
"LAL",14,"jalen hood-schifino","jalen","hood-schifino",20,21,0,5.2,0.5,2.1,0.222,0.1,0.7,0.133,0.4,1.4,0.267,0.244,0.6,1,0.6,0.1,0.5,0.6,0.4,0.1,0.1,0.4,0.6,1.6,0.0190476190476191,"sg",14015
"LAL",14,"alex fudge","alex","fudge",20,4,0,3.5,0.3,1.5,0.167,0,0.5,0,0.3,1,0.25,0.167,0.5,0.5,1,0.5,0,0.5,0,0,0,0.3,0.3,1,0,"sf",7018
"LAL",14,"maxwell lewis","maxwell","lewis",21,34,0,3,0.1,0.6,0.19,0,0.3,0.111,0.1,0.4,0.25,0.214,0.1,0.1,0.667,0.1,0.1,0.1,0.2,0.1,0,0.3,0.1,0.3,-0.00294117647058823,"sf",14008
"MEM",15,"ja morant","ja","morant",24,9,9,35.3,8.9,18.9,0.471,1.6,5.7,0.275,7.3,13.2,0.555,0.512,5.8,7.1,0.813,0.7,4.9,5.6,8.1,0.8,0.6,3,2.1,25.1,2.87777777777778,"pg",15018
"MEM",15,"brandon clarke","brandon","clarke",27,6,1,22.3,5.5,9.8,0.559,0.2,1,0.167,5.3,8.8,0.604,0.568,0.2,1.2,0.143,2.2,3.2,5.3,1.5,0.8,1,0.5,1.3,11.3,2.35,"pf",15001
"MEM",15,"mãozinha pereira","mãozinha","pereira",23,7,1,17.4,2.6,5,0.514,0.7,1.9,0.385,1.9,3.1,0.591,0.586,1,1.4,0.7,1.6,3.7,5.3,0.3,0.9,0.6,0.7,1.4,6.9,1.5,"sf",15021
"MEM",15,"tosan evbuomwan","tosan","evbuomwan",22,4,0,18.5,1,3.8,0.267,0.5,2,0.25,0.5,1.8,0.286,0.333,0,0,0,2,1.5,3.5,1.5,0,0.3,0.3,1.3,2.5,1.175,"sf",15022
"MEM",15,"zavier simpson","zavier","simpson",26,7,0,23,2.4,7.7,0.315,0.7,2.4,0.294,1.7,5.3,0.324,0.361,0.4,0.6,0.75,0.6,2.3,2.9,3.6,1,0.4,1.4,1.6,6,1,"pg",15023
"MEM",15,"dejon jarreau","dejon","jarreau",26,9,0,16.7,1.9,5.6,0.34,0.4,1.4,0.308,1.4,4.1,0.351,0.38,0.6,1.2,0.455,0.9,4,4.9,2.9,0.7,0.2,1,1.6,4.8,0.911111111111111,"sg",15024
"MEM",15,"wenyen gabriel","wenyen","gabriel",26,5,0,16.2,1.6,4.4,0.364,0.2,1.2,0.167,1.4,3.2,0.438,0.386,0,1,0,1.4,3.6,5,0.6,0.4,0.4,1.6,2,3.4,0.88,"pf",15025
"MEM",15,"timmy allen","timmy","allen",24,5,0,25,1.2,4.6,0.261,0,1.4,0,1.2,3.2,0.375,0.261,0.2,0.4,0.5,0.8,2.6,3.4,1,0.8,0,0.4,3.6,2.6,0.76,"sf",15026
"MEM",15,"scotty pippen jr.","scotty","pippen",23,21,16,25.1,4.8,9.7,0.493,1.4,3.4,0.417,3.3,6.2,0.534,0.567,2,2.6,0.745,1,2.1,3.2,4.7,1.7,0.5,2.7,2.9,12.9,0.704761904761905,"pg",15015
"MEM",15,"marcus smart","marcus","smart",29,20,20,30.3,5.1,11.9,0.43,2.1,6.7,0.313,3,5.2,0.583,0.519,2.2,2.8,0.768,0.3,2.4,2.7,4.3,2.1,0.3,3.1,2.7,14.5,0.67,"pg",15016
"MEM",15,"lamar stevens","lamar","stevens",26,19,2,23,4.6,10.3,0.446,0.6,2,0.289,4,8.3,0.484,0.474,1.8,2.3,0.791,1.3,3.8,5.1,1.1,0.9,0.9,0.8,1.6,11.5,0.657894736842105,"pf",15013
"MEM",15,"jaylen nowell","jaylen","nowell",24,9,1,17.3,2.4,6.1,0.4,0.4,2.6,0.174,2,3.6,0.563,0.436,0.3,0.3,1,0.3,1.2,1.6,1.8,0.3,0,0.6,1.4,5.7,0.566666666666667,"sg",15027
"MEM",15,"matthew hurt","matthew","hurt",23,8,0,14.1,1.5,4.3,0.353,0.6,2.5,0.25,0.9,1.8,0.5,0.426,0.4,0.4,1,1.1,0.9,2,0.5,0.4,0.4,0.3,1,4,0.525,"pf",15028
"MEM",15,"jack white","jack","white",26,4,0,16,0.5,4,0.125,0.5,2.5,0.2,0,1.5,0,0.188,0,0,0,1,2,3,0.3,1,0.3,0.5,0.8,1.5,0.525,"sf",15029
"MEM",15,"desmond bane","desmond","bane",25,42,42,34.4,8.6,18.5,0.464,3.3,8.6,0.381,5.3,9.9,0.536,0.552,3.3,3.8,0.87,0.9,3.5,4.4,5.5,1,0.5,2.7,2.9,23.7,0.523809523809524,"sg",15010
"MEM",15,"shaquille harrison","shaquille","harrison",30,3,0,2,0.3,0.7,0.5,0,0,0,0.3,0.7,0.5,0.5,0,0,0,0,0.7,0.7,0,0,0.3,0,0,0.7,0.433333333333333,"sg",15030
"MEM",15,"derrick rose","derrick","rose",35,24,7,16.6,3.2,6.9,0.461,0.6,1.7,0.366,2.5,5.2,0.492,0.506,1,1.1,0.889,0.3,1.6,1.9,3.3,0.3,0.1,1.3,0.9,8,0.354166666666667,"pg",15009
"MEM",15,"luke kennard","luke","kennard",27,39,22,25.6,3.6,8.1,0.448,2.7,6.1,0.45,0.9,2,0.442,0.617,1,1.2,0.889,0.3,2.6,2.9,3.5,0.5,0.1,1.4,1,11,0.305128205128205,"sg",15011
"MEM",15,"jaren jackson jr.","jaren","jackson",24,66,66,32.2,7.8,17.6,0.444,1.8,5.5,0.32,6,12.1,0.501,0.494,5.1,6.3,0.808,1.3,4.2,5.5,2.3,1.2,1.6,2.4,3.6,22.5,0.298484848484849,"c",15004
"MEM",15,"jake laravia","jake","laravia",22,35,6,23,3.4,8.7,0.389,1.5,4.5,0.34,1.9,4.2,0.442,0.477,2.6,3.1,0.826,1.5,2.2,3.7,1.7,0.8,0.3,1.3,2,10.8,0.291428571428572,"pf",15012
"MEM",15,"vince williams jr.","vince","williams",23,52,33,27.6,3.3,7.3,0.446,1.5,4,0.378,1.7,3.3,0.529,0.55,2,2.5,0.8,1.1,4.4,5.6,3.4,0.9,0.7,1.8,2.6,10,0.275,"sg",15007
"MEM",15,"xavier tillman sr.","xavier","tillman",25,34,13,20.6,2.6,6.3,0.408,0.4,1.6,0.226,2.2,4.7,0.469,0.437,0.5,1.3,0.419,1.6,3,4.6,1.7,1.2,1,0.9,1.8,6,0.267647058823529,"pf",2014
"MEM",15,"gg jackson ii","gg","jackson",19,48,18,25.7,5,11.7,0.428,2.1,6,0.357,2.9,5.8,0.502,0.519,2.4,3.2,0.752,1.1,3,4.1,1.2,0.6,0.5,1.4,1.3,14.6,0.252083333333333,"pf",15005
"MEM",15,"santi aldama","santi","aldama",23,61,35,26.5,4,9.3,0.435,1.7,5,0.349,2.3,4.3,0.534,0.528,0.9,1.4,0.621,1.2,4.6,5.8,2.3,0.7,0.9,1.1,1.5,10.7,0.221311475409836,"pf",15002
"MEM",15,"jacob gilyard","jacob","gilyard",25,37,14,17.7,1.6,3.9,0.417,1.4,3.2,0.425,0.2,0.6,0.375,0.594,0.1,0.1,1,0.2,0.9,1.2,3.5,0.7,0.1,0.8,0.9,4.7,0.191891891891892,"pg",3015
"MEM",15,"john konchar","john","konchar",27,55,23,21.3,1.6,3.8,0.423,0.7,2.2,0.317,0.9,1.6,0.568,0.514,0.4,0.5,0.84,1.3,3.4,4.7,2,0.9,0.9,0.8,1.4,4.3,0.176363636363636,"sf",15006
"MEM",15,"ziaire williams","ziaire","williams",22,51,15,20.4,2.9,7.4,0.397,1.1,3.7,0.307,1.8,3.7,0.487,0.474,1.2,1.5,0.827,0.7,2.8,3.5,1.5,0.7,0.2,1.3,1.7,8.2,0.156862745098039,"sf",15008
"MIA",16,"dru smith","dru","smith",26,9,0,14.6,1.7,3.7,0.455,0.8,1.9,0.412,0.9,1.8,0.5,0.561,0.2,0.2,1,0.7,0.9,1.6,1.6,1,0.3,0.6,1.3,4.3,0.688888888888889,"sg",16021
"MIA",16,"terry rozier","terry","rozier",29,31,30,31.5,6.1,14.5,0.423,2.1,5.7,0.371,4,8.7,0.458,0.497,2,2.2,0.913,0.6,3.6,4.2,4.6,1,0.3,1.3,1.6,16.4,0.535483870967742,"pg",16015
"MIA",16,"tyler herro","tyler","herro",24,42,40,33.5,7.7,17.5,0.441,3.1,7.9,0.396,4.6,9.6,0.478,0.531,2.3,2.6,0.856,0.5,4.8,5.3,4.5,0.7,0.1,2.2,1.5,20.8,0.454761904761905,"sg",16012
"MIA",16,"jimmy butler","jimmy","butler",34,60,60,34,6.6,13.2,0.499,1,2.4,0.414,5.6,10.8,0.519,0.537,6.6,7.7,0.858,1.8,3.6,5.3,5,1.3,0.3,1.7,1.1,20.8,0.388333333333333,"pf",16008
"MIA",16,"patty mills","patty","mills",35,13,5,16.4,2.1,6.2,0.338,0.8,4.1,0.208,1.2,2.1,0.593,0.406,0.8,0.8,1,0.3,0.8,1.2,1.5,0.8,0,0.6,1.2,5.8,0.353846153846154,"pg",16001
"MIA",16,"bam adebayo","bam","adebayo",26,71,71,34,7.5,14.3,0.521,0.2,0.6,0.357,7.3,13.7,0.528,0.529,4.1,5.5,0.755,2.2,8.1,10.4,3.9,1.1,0.9,2.3,2.2,19.3,0.353521126760563,"c",16004
"MIA",16,"josh richardson","josh","richardson",30,43,6,25.7,3.6,8.1,0.444,1.5,4.4,0.347,2,3.7,0.561,0.539,1.2,1.3,0.944,0.4,2.4,2.8,2.4,0.6,0.3,0.8,1.8,9.9,0.246511627906977,"sg",16011
"MIA",16,"kevin love","kevin","love",35,55,5,16.8,2.9,6.5,0.44,1.5,4.4,0.344,1.3,2.1,0.643,0.557,1.5,2,0.787,1.1,5.1,6.1,2.1,0.3,0.2,0.9,1.8,8.8,0.227272727272727,"pf",16009
"MIA",16,"nikola jović","nikola","jović",20,46,38,19.5,2.8,6.1,0.452,1.4,3.5,0.399,1.3,2.6,0.525,0.568,0.7,1,0.702,0.5,3.6,4.2,2,0.5,0.3,0.9,1.8,7.7,0.221739130434783,"pf",16002
"MIA",16,"thomas bryant","thomas","bryant",26,38,4,11.6,2.3,3.9,0.577,0.1,0.6,0.182,2.2,3.3,0.646,0.591,1.1,1.2,0.872,1.1,2.7,3.7,0.6,0.3,0.4,0.6,1.2,5.7,0.221052631578947,"c",16013
"MIA",16,"duncan robinson","duncan","robinson",29,68,36,28,4.5,9.9,0.45,2.8,7,0.395,1.7,3,0.579,0.589,1.2,1.3,0.889,0.2,2.3,2.5,2.8,0.7,0.2,1.4,2.4,12.9,0.179411764705882,"sf",16005
"MIA",16,"caleb martin","caleb","martin",28,64,23,27.4,3.8,8.7,0.431,1.3,3.6,0.349,2.5,5.1,0.489,0.504,1.2,1.5,0.778,1.2,3.2,4.4,2.2,0.7,0.5,1.2,2,10,0.178125,"sf",16007
"MIA",16,"jaime jaquez jr.","jaime","jaquez",22,75,20,28.2,4.5,9.3,0.489,0.9,2.7,0.322,3.7,6.6,0.558,0.536,1.9,2.3,0.811,1.1,2.7,3.8,2.6,1,0.3,1.5,2.2,11.9,0.172,"sf",16003
"MIA",16,"jamal cain","jamal","cain",24,26,1,10,1.3,3,0.43,0.4,1.2,0.355,0.9,1.8,0.479,0.5,0.7,0.9,0.783,0.6,0.8,1.4,0.4,0.4,0.2,0.3,0.8,3.7,0.15,"pf",16016
"MIA",16,"r.j. hampton","r.j.","hampton",22,8,2,9.5,0.5,1.8,0.286,0.1,1,0.125,0.4,0.8,0.5,0.321,0.1,0.3,0.5,0.3,0.5,0.8,1,0,0,0.4,1,1.3,0.15,"sg",16022
"MIA",16,"orlando robinson","orlando","robinson",23,36,7,8.4,1,2,0.5,0.2,0.4,0.533,0.8,1.6,0.491,0.556,0.5,0.7,0.76,0.8,1.6,2.3,0.9,0.2,0.2,0.5,1,2.8,0.130555555555556,"c",16010
"MIA",16,"haywood highsmith","haywood","highsmith",27,66,26,20.7,2.3,5,0.465,1.2,2.9,0.396,1.2,2.1,0.562,0.581,0.3,0.5,0.639,1,2.2,3.2,1.1,0.8,0.5,0.5,1.8,6.1,0.125757575757576,"pf",16006
"MIA",16,"cole swider","cole","swider",24,18,0,4.8,0.8,2.1,0.395,0.6,1.7,0.333,0.3,0.4,0.625,0.526,0.1,0.1,1,0.1,0.3,0.4,0.3,0.1,0.1,0.4,0.2,2.3,0.0833333333333333,"sf",16017
"MIA",16,"alondes williams","alondes","williams",24,7,0,2.3,0.3,1.1,0.25,0,0.6,0,0.3,0.6,0.5,0.25,0.1,0.1,1,0,0.1,0.1,0,0,0.1,0.3,0.3,0.7,-0.0285714285714286,"sg",16018
"MIL",17,"marques bolden","marques","bolden",25,2,0,1.5,0,0,0,0,0,0,0,0,0,0,0,0,0,0,1,1,0,0,0,0,0.5,0,0.5,"c",4018
"MIL",17,"giannis antetokounmpo","giannis","antetokounmpo",29,73,73,35.2,11.5,18.8,0.611,0.5,1.7,0.274,11,17.1,0.645,0.624,7,10.7,0.657,2.7,8.8,11.5,6.5,1.2,1.1,3.4,2.9,30.4,0.497260273972603,"pf",17002
"MIL",17,"damian lillard","damian","lillard",33,73,73,35.3,7.4,17.5,0.424,3,8.5,0.354,4.4,9,0.49,0.51,6.5,7,0.92,0.5,3.9,4.4,7,1,0.2,2.6,1.8,24.3,0.324657534246575,"pg",17009
"MIL",17,"khris middleton","khris","middleton",32,55,55,27,5.8,11.7,0.493,1.7,4.5,0.381,4.1,7.2,0.563,0.566,1.8,2.2,0.833,0.7,3.9,4.7,5.3,0.9,0.3,2.3,2.6,15.1,0.321818181818182,"sf",17008
"MIL",17,"lindell wigginton","lindell","wigginton",25,3,0,2.7,0.7,1.7,0.4,0,0.7,0,0.7,1,0.667,0.4,0.7,0.7,1,0,0,0,0,0,0,0.3,0.3,2,0.233333333333333,"pg",17021
"MIL",17,"bobby portis","bobby","portis",28,82,4,24.5,5.7,11.2,0.508,1.2,3,0.407,4.5,8.2,0.545,0.562,1.2,1.5,0.79,1.7,5.7,7.4,1.3,0.8,0.4,1.1,2.3,13.8,0.204878048780488,"pf",17004
"MIL",17,"brook lopez","brook","lopez",35,79,79,30.5,4.6,9.6,0.485,1.9,5.1,0.366,2.8,4.4,0.621,0.583,1.4,1.7,0.821,1.5,3.7,5.2,1.6,0.5,2.4,1,2.4,12.5,0.20126582278481,"c",17005
"MIL",17,"jae crowder","jae","crowder",33,50,25,23.1,2.3,5.4,0.422,1.2,3.3,0.349,1.1,2.1,0.538,0.53,0.5,0.7,0.722,0.6,2.6,3.2,1.3,0.8,0.2,0.5,1.5,6.2,0.158,"pf",17013
"MIL",17,"malik beasley","malik","beasley",27,79,77,29.6,4.1,9.1,0.443,2.8,6.9,0.413,1.2,2.3,0.533,0.598,0.3,0.4,0.714,0.5,3.2,3.7,1.4,0.7,0.1,0.7,2,11.3,0.144303797468354,"sg",17006
"MIL",17,"pat connaughton","pat","connaughton",31,76,3,22.1,2,4.6,0.435,1.1,3.1,0.345,0.9,1.4,0.633,0.553,0.6,0.8,0.759,0.7,2.5,3.1,2.1,0.5,0.3,0.6,1.3,5.6,0.107894736842105,"sf",17007
"MIL",17,"marjon beauchamp","marjon","beauchamp",23,48,1,12.7,1.7,3.5,0.488,0.6,1.6,0.4,1.1,1.9,0.56,0.578,0.4,0.6,0.679,0.5,1.6,2.1,0.6,0.3,0.1,0.6,1.1,4.4,0.102083333333333,"sf",17014
"MIL",17,"tyty washington jr.","tyty","washington",22,11,0,5.1,0.5,1.8,0.3,0.2,0.5,0.333,0.4,1.3,0.286,0.35,0,0,0,0.1,0.4,0.5,0.5,0.3,0,0.2,0.1,1.3,0.1,"pg",17015
"MIL",17,"chris livingston","chris","livingston",20,21,0,4.3,0.5,1,0.5,0,0.2,0.2,0.5,0.8,0.588,0.523,0.1,0.2,0.75,0.1,0.9,1,0.2,0.1,0,0.2,0.7,1.2,0.080952380952381,"sf",17017
"MIL",17,"a.j. green","a.j.","green",24,56,0,11,1.5,3.5,0.423,1.2,3,0.408,0.3,0.5,0.519,0.599,0.3,0.3,0.895,0.2,1,1.1,0.5,0.2,0.1,0.2,0.9,4.5,0.075,"sg",17011
"MIL",17,"andre jackson jr.","andre","jackson",22,57,8,10,0.9,1.8,0.5,0.3,0.8,0.37,0.6,0.9,0.611,0.585,0.1,0.2,0.727,0.8,1.2,2,0.9,0.3,0.1,0.5,1.6,2.2,0.0701754385964912,"sg",17010
"MIL",17,"robin lopez","robin","lopez",35,16,2,4.1,0.4,1.2,0.368,0.1,0.5,0.25,0.3,0.7,0.455,0.421,0.1,0.1,1,0.2,0.1,0.3,0.3,0.1,0.2,0.1,0.4,1.1,0.06875,"c",17022
"MIL",17,"thanasis antetokounmpo","thanasis","antetokounmpo",31,34,0,4.6,0.5,0.9,0.533,0,0,0,0.5,0.9,0.552,0.533,0,0.1,0,0.2,0.2,0.4,0.5,0.2,0.1,0.4,0.7,0.9,0.0352941176470588,"pf",17001
"MIN",18,"t.j. warren","t.j.","warren",30,11,0,11.4,1.6,3.7,0.439,0.2,1.2,0.154,1.5,2.5,0.571,0.463,0.3,0.4,0.75,0.5,1.5,2,0.8,0.4,0.1,0.4,1,3.7,0.4,"sf",18017
"MIN",18,"karl-anthony towns","karl-anthony","towns",28,62,62,32.7,7.7,15.3,0.504,2.2,5.3,0.416,5.5,10.1,0.55,0.575,4.1,4.7,0.873,1.5,6.8,8.3,3,0.7,0.7,2.9,3.3,21.8,0.37741935483871,"pf",18009
"MIN",18,"rudy gobert","rudy","gobert",31,76,76,34.1,5.3,8.1,0.661,0,0,0,5.3,8,0.664,0.661,3.3,5.1,0.638,3.8,9.2,12.9,1.3,0.7,2.1,1.6,3.1,14,0.326315789473684,"c",18003
"MIN",18,"anthony edwards","anthony","edwards",22,79,78,35.1,9.1,19.7,0.461,2.4,6.7,0.357,6.7,13,0.515,0.522,5.4,6.4,0.836,0.7,4.8,5.4,5.1,1.3,0.5,3.1,1.8,25.9,0.29746835443038,"sg",18004
"MIN",18,"monte morris","monte","morris",28,27,0,15.1,1.9,4.4,0.417,0.9,2.2,0.424,0.9,2.3,0.41,0.521,0.4,0.6,0.706,0.2,1.5,1.7,2.3,0.7,0.3,0.2,0.5,5.1,0.266666666666667,"pg",18012
"MIN",18,"mike conley","mike","conley",36,76,76,28.9,3.9,8.5,0.457,2.4,5.3,0.442,1.5,3.1,0.481,0.595,1.3,1.5,0.911,0.5,2.4,2.9,5.9,1.2,0.2,1.3,1.7,11.4,0.203947368421053,"pg",18011
"MIN",18,"leonard miller","leonard","miller",20,17,0,3.1,0.8,1.2,0.65,0.1,0.3,0.4,0.6,0.9,0.733,0.7,0.1,0.1,0.5,0.3,0.9,1.2,0.5,0.1,0.1,0.1,0.3,1.7,0.182352941176471,"sf",18002
"MIN",18,"naz reid","naz","reid",24,81,14,24.2,5,10.5,0.477,2.1,5,0.414,2.9,5.5,0.535,0.576,1.3,1.8,0.736,0.9,4.3,5.2,1.3,0.8,0.9,1.4,2.1,13.5,0.176543209876543,"c",18007
"MIN",18,"jaden mcdaniels","jaden","mcdaniels",23,72,71,29.2,4.3,8.7,0.489,1.2,3.5,0.337,3.1,5.2,0.592,0.557,0.8,1.1,0.722,0.8,2.3,3.1,1.4,0.9,0.6,1.2,3,10.5,0.147222222222222,"sf",18008
"MIN",18,"luka garza","luka","garza",25,25,0,4.9,1.4,3,0.48,0.4,1.3,0.281,1.1,1.7,0.628,0.54,0.7,1,0.72,0.8,0.5,1.2,0.2,0.2,0,0.2,1,4,0.14,"c",18013
"MIN",18,"kyle anderson","kyle","anderson",30,79,10,22.6,2.5,5.5,0.46,0.1,0.6,0.229,2.4,4.9,0.488,0.472,1.2,1.7,0.708,0.8,2.7,3.5,4.2,0.9,0.6,1.2,1.6,6.4,0.137974683544304,"pf",18005
"MIN",18,"troy brown jr.","troy","brown",24,37,3,11.1,1.4,3.2,0.441,0.8,2.3,0.369,0.6,0.9,0.618,0.572,0.5,0.6,0.864,0.4,1.6,1.9,0.9,0.2,0.1,0.5,0.7,4.2,0.132432432432432,"sf",9016
"MIN",18,"nickeil alexander-walker","nickeil","alexander-walker",25,82,20,23.4,2.9,6.6,0.439,1.6,4.1,0.391,1.3,2.5,0.517,0.56,0.6,0.8,0.8,0.4,1.6,2,2.5,0.8,0.5,0.9,1.7,8,0.109756097560976,"sg",18001
"MIN",18,"jordan mclaughlin","jordan","mclaughlin",27,56,0,11.2,1.3,2.6,0.483,0.8,1.6,0.472,0.5,1,0.5,0.628,0.2,0.3,0.722,0.3,1,1.3,2,0.6,0.1,0.3,0.6,3.5,0.103571428571429,"pg",18006
"MIN",18,"daishen nix","daishen","nix",21,15,0,3.3,0.6,1.6,0.375,0.4,1.1,0.353,0.2,0.5,0.429,0.5,0.2,0.4,0.5,0.1,0.1,0.2,0.4,0.3,0,0.3,0.1,1.8,0.08,"pg",18016
"MIN",18,"josh minott","josh","minott",21,32,0,2.8,0.5,1.1,0.472,0.1,0.3,0.4,0.4,0.8,0.5,0.528,0.4,0.4,0.857,0.1,0.4,0.5,0.3,0.2,0.2,0.1,0.3,1.6,0.065625,"sf",18015
"MIN",18,"wendell moore jr.","wendell","moore",22,25,0,3,0.4,0.7,0.5,0,0.2,0,0.4,0.5,0.75,0.5,0,0,0,0,0.5,0.5,0.2,0.2,0,0.2,0.2,0.7,0.044,"sg",18010
"MIN",18,"justin jackson","justin","jackson",28,2,0,0.5,0,0,0,0,0,0,0,0,0,0,0,0,0,0,0,0,0,0,0,0,0,0,0,"pf",18021
"NOP",19,"izaiah brockington","izaiah","brockington",24,1,0,3,2,5,0.4,0,1,0,2,4,0.5,0.4,0,0,0,1,1,2,0,0,0,0,0,4,3,"pg",19021
"NOP",19,"dereon seabron","dereon","seabron",23,6,0,9.2,0.7,2.2,0.308,0.2,0.3,0.5,0.5,1.8,0.273,0.346,0.8,1,0.833,0.2,1,1.2,0.8,0.3,0.2,0,0.7,2.3,0.516666666666667,"sg",19013
"NOP",19,"zion williamson","zion","williamson",23,70,70,31.5,8.9,15.6,0.57,0.1,0.3,0.333,8.8,15.4,0.574,0.573,5,7.1,0.702,1.7,4.1,5.8,5,1.1,0.7,2.8,2.3,22.9,0.341428571428572,"pf",19004
"NOP",19,"brandon ingram","brandon","ingram",26,64,64,32.9,7.8,15.9,0.492,1.3,3.8,0.355,6.5,12.1,0.534,0.534,3.8,4.8,0.801,0.7,4.4,5.1,5.7,0.8,0.6,2.5,2.3,20.8,0.334375,"sf",19008
"NOP",19,"cj mccollum","cj","mccollum",32,66,66,32.7,7.3,16,0.459,3.6,8.4,0.429,3.7,7.5,0.492,0.572,1.7,2.1,0.827,0.6,3.7,4.3,4.6,0.9,0.6,1.7,1.9,20,0.296969696969697,"pg",19006
"NOP",19,"trey murphy iii","trey","murphy",23,57,23,29.6,4.8,10.9,0.443,3,7.8,0.38,1.9,3.1,0.602,0.579,2.2,2.6,0.815,0.7,4.2,4.9,2.2,0.9,0.5,0.6,1.2,14.8,0.28421052631579,"sf",19011
"NOP",19,"jonas valančiūnas","jonas","valančiūnas",31,82,82,23.5,4.9,8.8,0.559,0.5,1.5,0.308,4.5,7.3,0.609,0.585,2,2.5,0.785,2.3,6.5,8.8,2.1,0.4,0.8,1.4,2.7,12.2,0.225609756097561,"c",19002
"NOP",19,"herbert jones","herbert","jones",25,76,76,30.5,3.9,7.7,0.498,1.5,3.6,0.418,2.4,4.1,0.568,0.595,1.8,2.1,0.867,1,2.6,3.6,2.6,1.4,0.8,1.2,2.9,11,0.185526315789474,"sf",19003
"NOP",19,"larry nance jr.","larry","nance",31,61,0,19.9,2.3,4,0.573,0.4,1.1,0.415,1.8,2.9,0.631,0.629,0.8,1,0.77,1.5,3.5,5,1.9,1,0.3,0.8,1.6,5.7,0.183606557377049,"c",19010
"NOP",19,"matt ryan","matt","ryan",26,28,1,13.9,1.8,4,0.434,1.5,3.3,0.451,0.3,0.8,0.364,0.615,0.5,0.5,0.929,0.2,1.2,1.4,0.6,0.2,0,0.7,1.1,5.4,0.167857142857143,"sf",19015
"NOP",19,"dyson daniels","dyson","daniels",20,61,16,22.3,2.3,5.1,0.447,0.7,2.2,0.311,1.6,2.9,0.551,0.514,0.6,0.9,0.642,1,2.9,3.9,2.7,1.4,0.4,1,1.7,5.8,0.165573770491803,"pg",19001
"NOP",19,"jose alvarado","jose","alvarado",25,56,0,18.4,2.5,6.2,0.412,1.4,3.7,0.377,1.1,2.5,0.464,0.525,0.6,0.9,0.673,0.4,1.8,2.3,2.1,1.1,0.3,0.7,1.6,7.1,0.146428571428571,"pg",19012
"NOP",19,"naji marshall","naji","marshall",26,66,1,19,2.6,5.6,0.463,0.9,2.3,0.387,1.7,3.3,0.516,0.542,1,1.3,0.791,0.8,2.8,3.6,1.9,0.7,0.2,1,1.4,7.1,0.139393939393939,"sf",19007
"NOP",19,"jeremiah robinson-earl","jeremiah","robinson-earl",23,39,1,8.6,1.2,2.4,0.474,0.3,1,0.333,0.8,1.4,0.571,0.542,0.3,0.4,0.75,0.6,1.4,1.9,0.5,0.3,0.1,0.4,0.6,2.9,0.102564102564103,"pf",19014
"NOP",19,"e.j. liddell","e.j.","liddell",23,8,0,2.9,0.1,0.8,0.167,0,0.6,0,0.1,0.1,1,0.167,0.3,0.3,1,0,0.6,0.6,0.1,0.3,0.3,0.3,0.3,0.5,0.1,"pf",19016
"NOP",19,"jordan hawkins","jordan","hawkins",21,67,10,17.3,2.6,6.8,0.382,1.6,4.4,0.366,1,2.4,0.411,0.501,1,1.2,0.838,0.4,1.8,2.2,1,0.3,0.1,0.6,1.1,7.8,0.0955223880597015,"sg",19005
"NOP",19,"cody zeller","cody","zeller",31,43,0,7.4,0.6,1.4,0.419,0,0.1,0.333,0.6,1.4,0.424,0.427,0.5,0.9,0.605,1.1,1.5,2.6,0.9,0.2,0.1,0.4,1,1.8,0.0930232558139535,"c",19009
"NOP",19,"jalen crutcher","jalen","crutcher",24,1,0,3,0,1,0,0,0,0,0,1,0,0,0,0,0,0,0,0,0,0,0,0,0,0,-1,"pg",19022
"NOP",19,"kaiser gates","kaiser","gates",27,1,0,7,0,4,0,0,2,0,0,2,0,0,0,0,0,0,1,1,0,0,0,0,0,0,-3,"sf",19023
"NYK",20,"evan fournier","evan","fournier",31,3,0,13,1.3,6.7,0.2,0.7,5,0.133,0.7,1.7,0.4,0.25,0.7,0.7,1,0,1.3,1.3,1,1.3,0,0.3,1.3,4,0.633333333333333,"sg",9001
"NYK",20,"julius randle","julius","randle",29,46,46,35.4,8.6,18.2,0.472,1.7,5.3,0.311,6.9,12.9,0.539,0.518,5.1,6.6,0.781,2.2,7,9.2,5,0.5,0.3,3.5,2.7,24,0.530434782608696,"pf",20012
"NYK",20,"shake milton","shake","milton",27,6,0,4.5,0.7,1.5,0.444,0.2,0.3,0.5,0.5,1.2,0.429,0.5,0.3,0.3,1,0,1,1,0.7,0.2,0,0,1.2,1.8,0.483333333333333,"sg",20018
"NYK",20,"mitchell robinson","mitchell","robinson",25,31,21,24.8,2.4,4.1,0.575,0,0,0,2.4,4.1,0.575,0.575,0.9,2.1,0.409,4.6,3.9,8.5,0.6,1.2,1.1,0.8,1.8,5.6,0.429032258064516,"c",20014
"NYK",20,"dylan windler","dylan","windler",27,3,0,2.3,0.3,0.7,0.5,0.3,0.7,0.5,0,0,0,0.75,0,0,0,0,0.3,0.3,0.3,0,0,0,0.3,1,0.4,"sf",1017
"NYK",20,"jalen brunson","jalen","brunson",27,77,77,35.4,10.3,21.4,0.479,2.7,6.8,0.401,7.5,14.6,0.516,0.543,5.5,6.5,0.847,0.6,3.1,3.6,6.7,0.9,0.2,2.4,1.9,28.7,0.332467532467532,"pg",20008
"NYK",20,"bojan bogdanović","bojan","bogdanović",34,29,0,19.2,3.8,8.8,0.43,1.6,4.4,0.37,2.2,4.4,0.488,0.521,1.2,1.6,0.8,0.3,1.7,2,0.9,0.2,0,1.3,1.3,10.4,0.23448275862069,"sf",20001
"NYK",20,"jacob toppin","jacob","toppin",23,9,0,4.2,0.6,1,0.556,0.1,0.4,0.25,0.4,0.6,0.8,0.611,0.2,0.2,1,0.3,0.4,0.8,0.3,0,0.1,0.1,0.3,1.4,0.233333333333333,"sf",20011
"NYK",20,"isaiah hartenstein","isaiah","hartenstein",25,75,49,25.3,3.1,4.9,0.644,0,0,0.333,3.1,4.8,0.646,0.645,1.5,2.1,0.707,3.3,5.1,8.3,2.5,1.2,1.1,1.2,2.8,7.8,0.230666666666667,"c",20009
"NYK",20,"josh hart","josh","hart",28,81,42,33.4,3.6,8.4,0.434,1,3.2,0.31,2.7,5.2,0.511,0.493,1.1,1.4,0.791,1.6,6.8,8.3,4.1,0.9,0.3,1.5,2.1,9.4,0.202469135802469,"sf",20007
"NYK",20,"donte divincenzo","donte","divincenzo",27,81,63,29.1,5.5,12.4,0.443,3.5,8.7,0.401,2,3.7,0.542,0.584,1.1,1.4,0.754,0.8,2.9,3.7,2.7,1.3,0.4,1.4,2,15.5,0.185185185185185,"sg",20006
"NYK",20,"taj gibson","taj","gibson",38,16,1,10.3,0.4,1.4,0.304,0,0.4,0,0.4,1.1,0.412,0.304,0.1,0.1,1,0.6,1.1,1.8,0.6,0.1,0.4,0.3,1.8,1,0.1625,"pf",9017
"NYK",20,"alec burks","alec","burks",32,23,1,13.5,2.2,7.1,0.307,1.1,3.6,0.301,1.1,3.5,0.313,0.383,1,1.4,0.727,0.3,1.4,1.7,0.9,0.3,0,0.7,0.5,6.5,0.147826086956522,"sg",20016
"NYK",20,"quentin grimes","quentin","grimes",23,45,18,20.2,2.5,6.4,0.395,1.7,4.7,0.363,0.8,1.6,0.486,0.53,0.5,0.8,0.706,0.3,1.6,2,1.2,0.7,0.1,0.5,1.5,7.3,0.146666666666667,"sg",9014
"NYK",20,"jericho sims","jericho","sims",25,45,11,13,0.8,1.2,0.691,0,0,0,0.8,1.2,0.691,0.691,0.4,0.5,0.667,1.2,2,3.3,0.6,0.2,0.4,0.4,1,2,0.124444444444444,"c",20013
"NYK",20,"miles mcbride","miles","mcbride",23,68,14,19.5,3,6.7,0.452,1.6,3.9,0.41,1.4,2.8,0.511,0.572,0.6,0.7,0.86,0.5,1,1.5,1.7,0.7,0.1,0.4,1.6,8.3,0.119117647058823,"pg",20010
"NYK",20,"daquan jeffries","daquan","jeffries",26,17,0,2.7,0.4,1,0.353,0.1,0.6,0.2,0.2,0.4,0.571,0.412,0,0.1,0,0,0.3,0.3,0.3,0,0.1,0.2,0.1,0.8,0.0352941176470588,"sg",20017
"NYK",20,"ryan arcidiacono","ryan","arcidiacono",29,20,0,2.3,0,0.3,0,0,0.3,0,0,0,0,0,0,0,0,0,0.4,0.4,0.2,0.1,0,0.1,0.3,0,0.015,"pg",20021
"NYK",20,"charlie brown jr.","charlie","brown",26,8,0,4.6,0.3,1.3,0.2,0.3,0.9,0.286,0,0.4,0,0.3,0,0,0,0.1,0.1,0.3,0,0,0.3,0.3,0.6,0.8,0.0125,"sg",20015
"NYK",20,"dmytro skapintsev","dmytro","skapintsev",25,2,0,1,0,0.5,0,0,0,0,0,0.5,0,0,0,0,0,0,0,0,0,0,0,0,0,0,-0.25,"c",20022
"OKC",21,"shai gilgeous-alexander","shai","gilgeous-alexander",25,75,75,34,10.6,19.8,0.535,1.3,3.6,0.353,9.3,16.2,0.576,0.567,7.6,8.7,0.874,0.9,4.7,5.5,6.2,2,0.9,2.2,2.5,30.1,0.429333333333333,"pg",21003
"OKC",21,"tre mann","tre","mann",22,13,0,9.2,1.5,3.1,0.5,0.6,1.5,0.421,0.9,1.6,0.571,0.6,0.1,0.1,1,0.3,1.5,1.8,1.5,0.2,0,0.7,0.2,3.8,0.384615384615385,"pg",4012
"OKC",21,"bismack biyombo","bismack","biyombo",31,10,0,7.3,0.7,1.2,0.583,0,0,0,0.7,1.2,0.583,0.583,0.4,0.8,0.5,0.5,1.3,1.8,0.2,0.1,0.3,0.4,0.7,1.8,0.29,"c",21004
"OKC",21,"jalen williams","jalen","williams",22,71,71,31.3,7.5,14,0.54,1.5,3.4,0.427,6.1,10.6,0.576,0.592,2.5,3.1,0.814,0.5,3.5,4,4.5,1.1,0.6,1.7,2.5,19.1,0.288732394366197,"pf",21010
"OKC",21,"olivier sarr","olivier","sarr",24,15,0,6.5,0.7,1.3,0.579,0.1,0.4,0.333,0.6,0.9,0.692,0.632,0.7,1,0.667,0.7,1.7,2.4,0.1,0,0.5,0.2,1.2,2.3,0.28,"c",21006
"OKC",21,"chet holmgren","chet","holmgren",21,82,82,29.4,6.2,11.6,0.53,1.6,4.3,0.37,4.6,7.4,0.623,0.598,2.7,3.4,0.793,1.6,6.3,7.9,2.4,0.6,2.3,1.6,2.4,16.5,0.268292682926829,"c",21007
"OKC",21,"gordon hayward","gordon","hayward",33,26,3,17.2,1.8,4.1,0.453,0.6,1.1,0.517,1.3,3,0.429,0.524,1,1.5,0.692,0.5,2,2.5,1.6,0.5,0,0.6,0.8,5.3,0.25,"sf",21015
"OKC",21,"adam flagler","adam","flagler",24,2,0,7,0.5,3.5,0.143,0.5,3,0.167,0,0.5,0,0.214,0,0,0,0,0,0,2,0,0,0,0,1.5,0.25,"sg",21018
"OKC",21,"dāvis bertāns","dāvis","bertāns",31,15,0,6.1,0.7,1.7,0.385,0.7,1.6,0.417,0,0.1,0,0.577,0.9,1,0.933,0.1,0.5,0.7,0.6,0.2,0.2,0.1,0.7,2.9,0.226666666666667,"pf",4002
"OKC",21,"josh giddey","josh","giddey",21,80,80,25.1,5,10.6,0.475,1,3,0.337,4,7.6,0.53,0.523,1.3,1.6,0.806,1.4,5,6.4,4.8,0.6,0.6,2.1,1.4,12.3,0.20875,"sg",21001
"OKC",21,"luguentz dort","luguentz","dort",24,79,79,28.4,3.6,8.3,0.438,2,5,0.394,1.7,3.3,0.506,0.557,1.6,2,0.826,0.9,2.7,3.6,1.4,0.9,0.6,0.9,2.9,10.9,0.144303797468354,"sf",21002
"OKC",21,"vasilije micić","vasilije","micić",30,30,0,12,1.2,3,0.407,0.4,1.5,0.244,0.9,1.5,0.565,0.467,0.5,0.6,0.737,0,0.8,0.8,2.5,0.3,0.1,1,0.7,3.3,0.136666666666667,"pg",4003
"OKC",21,"keyontae johnson","keyontae","johnson",23,9,0,7.3,0.6,1.8,0.313,0.1,0.3,0.333,0.4,1.4,0.308,0.344,0,0,0,0.4,0.7,1.1,0.4,0.1,0,0.4,0.6,1.2,0.133333333333333,"sf",21017
"OKC",21,"ousmane dieng","ousmane","dieng",20,33,0,11.1,1.5,3.5,0.422,0.6,2.1,0.3,0.8,1.4,0.609,0.513,0.4,0.5,0.875,0.3,1.2,1.5,1.1,0.2,0.2,0.6,0.7,4,0.13030303030303,"pf",21005
"OKC",21,"aleksej pokusevski","aleksej","pokusevski",22,10,0,6,0.4,1.6,0.25,0.2,1.1,0.182,0.2,0.5,0.4,0.313,0.2,0.4,0.5,0.2,0.8,1,0.5,0.1,0.1,0.3,0.5,1.2,0.12,"pf",4004
"OKC",21,"isaiah joe","isaiah","joe",24,78,1,18.5,2.8,6.2,0.458,1.9,4.5,0.416,1,1.7,0.568,0.609,0.6,0.7,0.865,0.4,1.9,2.3,1.3,0.6,0.3,0.6,1.1,8.2,0.11025641025641,"sg",21011
"OKC",21,"aaron wiggins","aaron","wiggins",25,78,4,15.7,2.7,4.8,0.562,0.8,1.6,0.492,1.9,3.2,0.598,0.645,0.7,0.9,0.789,0.8,1.6,2.4,1.1,0.7,0.2,0.7,1.2,6.9,0.106410256410256,"sg",21012
"OKC",21,"jaylin williams","jaylin","williams",21,69,1,13,1.4,3.3,0.417,0.8,2.1,0.368,0.6,1.2,0.5,0.533,0.5,0.6,0.805,0.5,2.9,3.4,1.6,0.4,0.4,0.5,1.4,4,0.105797101449275,"c",21014
"OKC",21,"lindy waters iii","lindy","waters",26,38,0,7.4,1.3,2.7,0.471,1,2.2,0.435,0.3,0.5,0.632,0.649,0.1,0.1,1,0.2,0.9,1.1,0.6,0.1,0.2,0.2,0.6,3.6,0.105263157894737,"sg",21009
"OKC",21,"cason wallace","cason","wallace",20,82,13,20.6,2.6,5.4,0.491,1.2,2.9,0.419,1.5,2.5,0.572,0.602,0.4,0.5,0.784,0.6,1.6,2.3,1.5,0.9,0.5,0.5,1.6,6.8,0.104878048780488,"sg",21008
"OKC",21,"kenrich williams","kenrich","williams",29,69,1,14.9,1.9,4.1,0.468,0.8,2,0.397,1.1,2,0.54,0.568,0.1,0.2,0.5,0.9,2.1,3,1.3,0.6,0.1,0.5,1.5,4.7,0.1,"pf",21013
"ORL",22,"kevon harris","kevon","harris",26,2,0,3,1,1.5,0.667,0,0,0,1,1.5,0.667,0.667,0,0,0,0,1,1,0.5,0,0,0.5,1.5,2,1.25,"sg",22018
"ORL",22,"trevelin queen","trevelin","queen",26,14,0,11.8,1,2.7,0.368,0.2,1.2,0.176,0.8,1.5,0.524,0.408,0.6,0.9,0.75,0.2,1.2,1.4,1.3,0.5,0.4,0.5,1.1,2.9,0.285714285714286,"sg",22014
"ORL",22,"wendell carter jr.","wendell","carter",24,55,48,25.6,4.1,7.7,0.525,1.2,3.1,0.374,2.9,4.6,0.626,0.6,1.7,2.4,0.694,2,4.9,6.9,1.7,0.6,0.5,1.2,2.2,11,0.276363636363636,"c",22009
"ORL",22,"franz wagner","franz","wagner",22,72,72,32.5,7.3,15.2,0.482,1.3,4.6,0.281,6,10.6,0.57,0.525,3.8,4.4,0.85,1,4.3,5.3,3.7,1.1,0.4,1.9,2.3,19.7,0.275,"sf",22004
"ORL",22,"paolo banchero","paolo","banchero",21,80,80,35,8,17.6,0.455,1.5,4.4,0.339,6.5,13.2,0.493,0.497,5.1,7,0.725,1,5.9,6.9,5.4,0.9,0.6,3.1,1.9,22.6,0.2725,"pf",22008
"ORL",22,"markelle fultz","markelle","fultz",25,43,18,21.2,3.6,7.6,0.472,0.1,0.4,0.222,3.5,7.2,0.487,0.479,0.5,0.8,0.697,1.3,1.9,3.2,2.8,1,0.3,1.2,1.5,7.8,0.223255813953488,"pg",22017
"ORL",22,"jonathan isaac","jonathan","isaac",26,58,2,15.8,2.5,4.9,0.51,0.7,1.9,0.375,1.8,3,0.598,0.584,1,1.4,0.72,1.3,3.2,4.5,0.5,0.7,1.2,0.5,1.1,6.8,0.179310344827586,"pf",22015
"ORL",22,"jalen suggs","jalen","suggs",22,75,75,27,4.5,9.5,0.471,2,5.1,0.397,2.4,4.4,0.556,0.578,1.6,2.1,0.756,0.6,2.4,3.1,2.7,1.4,0.6,1.8,2.7,12.6,0.174666666666667,"sg",22010
"ORL",22,"goga bitadze","goga","bitadze",24,62,33,15.4,2,3.4,0.603,0,0.2,0.143,2,3.1,0.636,0.608,0.9,1.4,0.655,1.8,2.9,4.6,1.3,0.5,1.2,0.7,1.7,5,0.161290322580645,"c",22006
"ORL",22,"moritz wagner","moritz","wagner",26,80,1,17.7,4.2,6.9,0.601,0.5,1.4,0.33,3.7,5.5,0.673,0.636,2.1,2.6,0.814,1.5,2.9,4.3,1.2,0.5,0.3,1.2,2,10.9,0.16,"c",22003
"ORL",22,"cole anthony","cole","anthony",23,81,0,22.4,4.1,9.4,0.435,1.1,3.4,0.338,3,6,0.49,0.496,2.2,2.7,0.826,0.8,3,3.8,2.9,0.8,0.5,1.6,2.2,11.6,0.150617283950617,"pg",22007
"ORL",22,"gary harris","gary","harris",29,54,27,24,2.4,5.5,0.441,1.4,3.8,0.371,1,1.7,0.598,0.569,0.6,0.8,0.756,0.4,1.2,1.7,1.6,0.9,0.3,0.6,1.7,6.9,0.138888888888889,"sg",22013
"ORL",22,"joe ingles","joe","ingles",36,68,0,17.2,1.5,3.3,0.436,1,2.4,0.435,0.4,1,0.439,0.59,0.4,0.5,0.824,0.3,1.8,2.1,3,0.6,0.1,1,1.3,4.4,0.107352941176471,"sf",22001
"ORL",22,"anthony black","anthony","black",20,69,33,16.9,1.7,3.6,0.466,0.5,1.4,0.394,1.1,2.2,0.51,0.54,0.7,1.2,0.613,0.5,1.5,2,1.3,0.5,0.3,0.8,1.6,4.6,0.0797101449275362,"pg",22012
"ORL",22,"caleb houstan","caleb","houstan",21,59,13,13.8,1.4,3.5,0.388,1.2,3.3,0.373,0.1,0.2,0.615,0.563,0.4,0.4,0.808,0.5,0.9,1.4,0.5,0.3,0.1,0.3,1,4.3,0.0711864406779661,"sf",22002
"ORL",22,"chuma okeke","chuma","okeke",25,47,8,9.2,0.9,2.4,0.357,0.5,1.7,0.28,0.4,0.6,0.567,0.46,0.1,0.1,0.571,0.4,1.3,1.7,0.4,0.2,0.1,0.3,0.4,2.3,0.0617021276595745,"sf",22011
"ORL",22,"jett howard","jett","howard",20,18,0,3.7,0.6,1.7,0.333,0.4,1.4,0.28,0.2,0.3,0.6,0.45,0.1,0.2,0.5,0.1,0.3,0.4,0.3,0.1,0.1,0.2,0.2,1.6,0.0611111111111111,"sf",22016
"ORL",22,"admiral schofield","admiral","schofield",26,23,0,3.7,0.4,1.1,0.385,0.3,0.7,0.375,0.2,0.4,0.4,0.5,0,0.1,0,0.1,0.6,0.7,0.3,0,0,0.2,0.4,1.1,0.0478260869565217,"pf",22005
"PHI",23,"d.j. wilson","d.j.","wilson",27,2,0,7.5,2,3,0.667,1,1,1,1,2,0.5,0.833,0,0,0,0.5,0.5,1,1,0,1,0,0.5,5,3.5,"pf",23021
"PHI",23,"p.j. tucker","p.j.","tucker",38,3,3,22,0.7,1.7,0.4,0.7,1.7,0.4,0,0,0,0.6,0,0,0,0.3,4.3,4.7,0,1,0.7,0.7,3,2,2.23333333333333,"pf",13018
"PHI",23,"joel embiid","joel","embiid",29,39,39,33.6,11.5,21.8,0.529,1.4,3.6,0.388,10.2,18.3,0.556,0.561,10.2,11.6,0.883,2.4,8.6,11,5.6,1.2,1.7,3.8,2.9,34.7,0.992307692307693,"c",23002
"PHI",23,"jeff dowtin","jeff","dowtin",26,12,0,11.8,1.7,3,0.556,0.8,1.6,0.474,0.9,1.4,0.647,0.681,0.3,0.3,0.75,0.3,1.4,1.7,2.3,0.6,0.1,0.4,0.1,4.3,0.608333333333333,"pg",23014
"PHI",23,"kyle lowry","kyle","lowry",37,23,20,28.4,2.6,5.9,0.444,1.6,3.9,0.404,1,2,0.522,0.578,1.2,1.4,0.848,0.4,2.4,2.8,4.6,0.9,0.3,1.4,2.3,8,0.508695652173913,"pg",23009
"PHI",23,"danny green","danny","green",36,2,0,9,0,1,0,0,0.5,0,0,0.5,0,0,0,0,0,0,1,1,0.5,0.5,0,0,0.5,0,0.5,"sg",23022
"PHI",23,"buddy hield","buddy","hield",31,32,14,25.8,4.4,10.4,0.426,2.6,6.6,0.389,1.9,3.8,0.492,0.55,0.8,0.8,0.923,0.8,2.3,3.2,3,0.8,0.3,1.3,2.1,12.2,0.38125,"sg",23001
"PHI",23,"tyrese maxey","tyrese","maxey",23,70,70,37.5,9.1,20.3,0.45,3,8.1,0.373,6.1,12.1,0.501,0.524,4.7,5.4,0.868,0.5,3.2,3.7,6.2,1,0.5,1.7,2.2,25.9,0.338571428571429,"pg",23005
"PHI",23,"de'anthony melton","de'anthony","melton",25,38,33,26.9,3.7,9.5,0.386,2,5.6,0.36,1.6,3.8,0.425,0.493,1.7,2.1,0.835,0.7,3,3.7,3,1.6,0.4,1,2.2,11.1,0.331578947368421,"sg",23012
"PHI",23,"robert covington","robert","covington",33,26,3,16.1,1.5,3.4,0.449,0.7,1.8,0.354,0.9,1.6,0.561,0.545,0.8,0.9,0.875,1.1,2.3,3.4,0.7,1.3,0.6,0.4,1.9,4.5,0.311538461538462,"sf",23015
"PHI",23,"cameron payne","cameron","payne",29,31,8,19.4,3.5,8.4,0.413,1.7,4.4,0.382,1.8,4,0.447,0.514,0.7,0.7,0.913,0.5,1.3,1.8,3.1,0.6,0.3,1.1,1.7,9.3,0.293548387096774,"pg",23011
"PHI",23,"tobias harris","tobias","harris",31,70,70,33.8,6.6,13.6,0.487,1.3,3.7,0.353,5.3,9.9,0.537,0.535,2.7,3,0.878,1.1,5.3,6.5,3.1,1,0.7,1.3,1.6,17.2,0.284285714285714,"pf",23006
"PHI",23,"kelly oubre jr.","kelly","oubre",28,68,52,30.2,5.7,12.9,0.441,1.5,4.8,0.311,4.2,8.1,0.517,0.498,2.6,3.4,0.75,1.4,3.6,5,1.5,1.1,0.7,1.3,2.9,15.4,0.211764705882353,"sf",23007
"PHI",23,"patrick beverley","patrick","beverley",35,47,5,19.6,2.2,5.1,0.432,0.7,2.3,0.321,1.5,2.8,0.523,0.504,1.1,1.3,0.81,0.6,2.4,3.1,3.1,0.5,0.4,1,1.8,6.3,0.197872340425532,"pg",17012
"PHI",23,"marcus morris","marcus","morris",34,37,7,17.2,2.4,5.5,0.439,1,2.4,0.4,1.5,3.1,0.47,0.527,0.8,1,0.861,0.5,2.5,2.9,0.7,0.4,0.3,0.5,1.6,6.7,0.194594594594595,"pf",6016
"PHI",23,"nicolas batum","nicolas","batum",35,57,38,25.9,2,4.4,0.456,1.2,3.1,0.399,0.7,1.2,0.6,0.599,0.3,0.4,0.714,1.2,3,4.2,2.2,0.8,0.6,0.7,1.8,5.5,0.17719298245614,"pf",23003
"PHI",23,"terquavion smith","terquavion","smith",21,16,0,5.3,1.1,2.9,0.391,0.8,2.2,0.371,0.3,0.7,0.455,0.533,0.2,0.3,0.6,0,0.3,0.3,0.8,0.5,0,0.4,0.5,3.3,0.1625,"pg",23016
"PHI",23,"ricky council iv","ricky","council",22,32,0,9,1.7,3.5,0.482,0.4,1,0.375,1.3,2.5,0.525,0.536,1.7,2.2,0.746,0.4,1,1.4,0.5,0.3,0,0.2,0.5,5.4,0.159375,"sg",23013
"PHI",23,"paul reed","paul","reed",24,82,24,19.4,3.2,5.9,0.54,0.3,0.7,0.368,2.9,5.2,0.563,0.561,0.7,1,0.718,2.4,3.6,6,1.3,0.8,1,0.8,2.4,7.3,0.153658536585366,"c",23004
"PHI",23,"jaden springer","jaden","springer",21,32,1,11.8,1.4,3.7,0.39,0.3,1.2,0.216,1.2,2.5,0.469,0.424,0.9,1.1,0.824,0.8,1,1.8,1.1,0.8,0.3,0.8,1.5,4,0.146875,"pg",2015
"PHI",23,"mo bamba","mo","bamba",25,57,17,13,1.7,3.5,0.49,0.4,1.1,0.391,1.3,2.4,0.537,0.553,0.6,0.9,0.68,1.4,2.8,4.2,0.7,0.4,1.1,0.7,1.8,4.4,0.140350877192982,"c",23010
"PHI",23,"danuel house jr.","danuel","house",30,34,4,15,1.4,3.1,0.448,0.4,1.5,0.3,0.9,1.6,0.582,0.519,1,1.4,0.761,0.5,1.2,1.7,0.8,0.4,0.1,0.6,1.3,4.2,0.132352941176471,"sf",23023
"PHI",23,"kj martin","kj","martin",23,58,2,12.3,1.6,2.9,0.544,0.1,0.4,0.304,1.5,2.6,0.581,0.564,0.4,0.7,0.538,0.7,1.5,2.2,0.9,0.3,0.2,0.5,1.7,3.7,0.0896551724137931,"sf",23008
"PHI",23,"furkan korkmaz","furkan","korkmaz",26,35,0,8.6,0.9,2.2,0.395,0.4,1.1,0.35,0.5,1,0.444,0.487,0.4,0.6,0.7,0.1,0.7,0.9,0.7,0.4,0.1,0.3,0.5,2.5,0.08,"sg",23024
"PHI",23,"javonte smart","javonte","smart",24,1,0,1,0,0,0,0,0,0,0,0,0,0,0,0,0,0,0,0,0,0,0,0,0,0,0,"pg",23025
"PHO",24,"royce o'neale","royce","o'neale",30,30,8,25.1,2.9,7.1,0.411,2,5.2,0.376,1,1.9,0.509,0.549,0.3,0.4,0.692,0.7,4.5,5.2,2.7,0.9,0.5,0.7,1.8,8.1,0.413333333333333,"sf",24010
"PHO",24,"devin booker","devin","booker",27,68,68,36,9.4,19.2,0.492,2.2,6.1,0.364,7.2,13,0.552,0.55,6,6.7,0.886,0.8,3.7,4.5,6.9,0.9,0.4,2.6,3,27.1,0.392647058823529,"pg",24008
"PHO",24,"kevin durant","kevin","durant",35,75,75,37.2,10,19.1,0.523,2.2,5.4,0.413,7.8,13.7,0.567,0.581,4.8,5.6,0.856,0.5,6.1,6.6,5,0.9,1.2,3.3,1.8,27.1,0.368,"pf",24005
"PHO",24,"bradley beal","bradley","beal",30,53,53,33.3,7.1,13.9,0.513,1.9,4.4,0.43,5.2,9.4,0.552,0.582,2.1,2.5,0.813,1,3.4,4.4,5,1,0.5,2.5,2.4,18.2,0.366037735849057,"sg",24011
"PHO",24,"jusuf nurkić","jusuf","nurkić",29,76,76,27.3,4.2,8.3,0.51,0.3,1.2,0.244,3.9,7.1,0.555,0.528,2.2,3.4,0.64,2.9,8.1,11,4,1.1,1.1,2.3,3.3,10.9,0.269736842105263,"c",24001
"PHO",24,"udoka azubuike","udoka","azubuike",24,16,0,7.1,1,1.4,0.696,0,0,0,1,1.4,0.696,0.696,0.2,0.8,0.231,0.7,1.3,2,0.2,0.1,0.4,0.3,1.1,2.2,0.225,"c",24002
"PHO",24,"grayson allen","grayson","allen",28,75,74,33.5,4.5,9.1,0.499,2.7,5.9,0.461,1.8,3.2,0.57,0.649,1.7,2,0.878,0.6,3.3,3.9,3,0.9,0.6,1.3,2.1,13.5,0.209333333333333,"sg",24006
"PHO",24,"bol bol","bol","bol",24,43,0,10.9,2.2,3.5,0.616,0.5,1.2,0.423,1.7,2.3,0.717,0.689,0.3,0.4,0.789,0.7,2.4,3.2,0.4,0.2,0.6,0.4,1,5.2,0.181395348837209,"pf",24004
"PHO",24,"chimezie metu","chimezie","metu",26,37,5,12.1,1.8,3.5,0.508,0.4,1.4,0.294,1.4,2.1,0.646,0.565,1,1.2,0.884,0.6,2.3,3,0.5,0.5,0.2,0.7,1.1,5,0.178378378378378,"c",9015
"PHO",24,"jordan goodwin","jordan","goodwin",25,40,0,14,1.9,4.8,0.389,0.6,2,0.288,1.3,2.8,0.46,0.448,0.6,0.7,0.862,1,1.9,2.9,2,0.6,0.2,0.7,1.1,5,0.175,"pg",15017
"PHO",24,"keita bates-diop","keita","bates-diop",28,39,8,15.3,1.6,3.8,0.427,0.5,1.6,0.313,1.1,2.2,0.512,0.493,0.7,0.9,0.722,0.8,1.8,2.6,0.9,0.6,0.5,0.3,0.8,4.5,0.164102564102564,"sf",3017
"PHO",24,"saben lee","saben","lee",24,24,0,7.7,0.8,2.3,0.364,0.1,0.7,0.125,0.8,1.6,0.462,0.382,1.2,1.6,0.744,0.4,0.9,1.3,1.3,0.3,0.1,0.3,0.5,3,0.158333333333333,"pg",24015
"PHO",24,"eric gordon","eric","gordon",35,68,24,27.8,4,9.1,0.443,2.2,5.8,0.378,1.8,3.3,0.561,0.565,0.8,0.9,0.797,0.2,1.6,1.8,2,1,0.4,1.1,1.2,11,0.145588235294118,"sg",24009
"PHO",24,"drew eubanks","drew","eubanks",26,75,6,15.6,2,3.4,0.601,0,0,1,2,3.3,0.596,0.607,1,1.2,0.774,1.4,2.9,4.3,0.8,0.4,0.8,0.8,1.5,5.1,0.12,"c",24007
"PHO",24,"josh okogie","josh","okogie",25,60,11,16,1.4,3.4,0.417,0.5,1.6,0.309,1,1.9,0.509,0.488,1.3,1.7,0.745,1.2,1.3,2.6,1.1,0.8,0.4,0.6,1.1,4.6,0.108333333333333,"sg",24003
"PHO",24,"yuta watanabe","yuta","watanabe",29,29,0,13.2,1.2,3.3,0.361,0.8,2.6,0.32,0.4,0.8,0.5,0.485,0.3,0.5,0.667,0.4,1.2,1.6,0.3,0.3,0.2,0.6,1.2,3.6,0.106896551724138,"sf",15003
"PHO",24,"isaiah thomas","isaiah","thomas",34,6,0,3.2,0.5,1.7,0.3,0.3,0.7,0.5,0.2,1,0.167,0.4,0,0,0,0,0,0,0.5,0,0,0,0,1.3,0.1,"pg",24017
"PHO",24,"nassir little","nassir","little",23,45,2,10.2,1.3,2.8,0.46,0.5,1.6,0.3,0.8,1.2,0.667,0.544,0.4,0.4,0.85,0.3,1.4,1.7,0.5,0.2,0.2,0.3,0.9,3.4,0.0933333333333333,"sf",24012
"PHO",24,"david roddy","david","roddy",22,17,0,3.7,0.6,1.4,0.435,0.1,0.5,0.125,0.5,0.9,0.6,0.457,0.1,0.1,1,0.1,0.5,0.6,0.2,0.1,0,0.2,0.2,1.3,0.0705882352941177,"pf",24016
"PHO",24,"théo maledon","théo","maledon",22,4,0,3.3,0.3,1,0.25,0,0,0,0.3,1,0.25,0.25,0.8,0.8,1,0,0.3,0.3,0,0,0,0.8,0.8,1.3,0.025,"pg",24021
"POR",25,"robert williams","robert","williams",26,6,0,19.8,2.8,4.3,0.654,0,0,0,2.8,4.3,0.654,0.654,1.2,1.5,0.778,1.8,4.5,6.3,0.8,1.2,1.2,1.2,2.8,6.8,2.21666666666667,"c",25016
"POR",25,"taze moore","taze","moore",25,4,0,10,2,4.8,0.421,0.3,1.8,0.143,1.8,3,0.583,0.447,0.3,0.5,0.5,1,1,2,1.3,0.5,0,0.8,1,4.5,1.125,"sg",25021
"POR",25,"dalano banton","dalano","banton",24,30,8,29.2,6.1,15,0.408,1.9,6.1,0.311,4.2,8.9,0.474,0.471,2.6,3.3,0.78,1,3.8,4.8,3.6,0.9,0.6,2.2,1.5,16.7,0.493333333333333,"pg",25004
"POR",25,"shaedon sharpe","shaedon","sharpe",20,32,25,33.1,5.5,13.6,0.406,1.9,5.6,0.333,3.6,7.9,0.457,0.475,3.1,3.7,0.824,1.3,3.7,5,2.9,0.9,0.4,2.3,2.8,15.9,0.440625,"sg",25003
"POR",25,"malcolm brogdon","malcolm","brogdon",31,39,25,28.7,5.6,12.7,0.44,2.1,5.1,0.412,3.5,7.6,0.458,0.522,2.4,3,0.819,0.7,3.1,3.8,5.5,0.7,0.2,1.5,1.5,15.7,0.428205128205128,"pg",25013
"POR",25,"deandre ayton","deandre","ayton",25,55,55,32.4,7.8,13.6,0.57,0,0.2,0.1,7.7,13.4,0.576,0.571,1.2,1.4,0.823,3.2,7.9,11.1,1.6,1,0.8,1.8,2,16.7,0.425454545454545,"c",25002
"POR",25,"anfernee simons","anfernee","simons",24,46,46,34.4,7.8,18.2,0.43,3.4,8.8,0.385,4.4,9.4,0.472,0.523,3.5,3.9,0.916,0.5,3.2,3.6,5.5,0.5,0.1,2.7,2.1,22.6,0.408695652173913,"sg",25015
"POR",25,"ish wainright","ish","wainright",29,7,0,6.6,0.9,2.6,0.333,0.9,2.3,0.375,0,0.3,0,0.5,0.3,0.3,1,0,1.3,1.3,0,0.3,0.1,0.1,0.6,2.9,0.4,"sf",24018
"POR",25,"skylar mays","skylar","mays",26,21,5,17,2.5,6.6,0.384,0.7,2.3,0.286,1.9,4.2,0.438,0.435,0.6,0.8,0.765,0.4,1.3,1.8,3.6,0.7,0.1,0.9,1,6.3,0.347619047619048,"sg",14012
"POR",25,"ashton hagans","ashton","hagans",24,19,1,16.6,1.5,3.7,0.408,0.4,1.3,0.32,1.1,2.4,0.457,0.465,0.7,0.9,0.824,0.7,1.6,2.4,2.8,0.6,0.5,1.6,2.1,4.2,0.342105263157895,"pg",25018
"POR",25,"jerami grant","jerami","grant",29,54,54,33.9,7.1,15.7,0.451,2.1,5.1,0.402,5,10.6,0.474,0.516,4.7,5.8,0.817,0.7,2.9,3.5,2.8,0.8,0.6,2.1,2.2,21,0.312962962962963,"pf",25014
"POR",25,"moses brown","moses","brown",24,22,5,9.1,1.5,3,0.508,0,0,0,1.5,3,0.508,0.508,0.4,1.4,0.29,1.7,2.2,3.9,0.3,0.2,0.3,0.5,1.2,3.4,0.231818181818182,"c",25010
"POR",25,"scoot henderson","scoot","henderson",19,62,32,28.5,5,12.9,0.385,1.4,4.3,0.325,3.5,8.5,0.416,0.44,2.7,3.3,0.819,0.9,2.3,3.1,5.4,0.8,0.2,3.4,3.1,14,0.187096774193548,"pg",25012
"POR",25,"ibou badji","ibou","badji",21,22,1,10.3,0.6,1,0.636,0,0,0,0.6,1,0.636,0.636,0.3,0.5,0.5,0.9,1.4,2.3,0.6,0.1,0.9,0.7,2.1,1.5,0.186363636363636,"c",25006
"POR",25,"jabari walker","jabari","walker",21,72,23,23.6,3.3,7.1,0.46,0.6,1.9,0.295,2.7,5.1,0.522,0.5,1.8,2.4,0.754,2.1,5,7.1,1,0.6,0.3,0.9,2.4,8.9,0.175,"sf",25008
"POR",25,"duop reath","duop","reath",27,68,20,17.9,3.4,7.3,0.461,1.3,3.6,0.359,2.1,3.7,0.559,0.549,1,1.4,0.742,1.4,2.3,3.7,1,0.5,0.6,0.8,2.4,9.1,0.144117647058824,"c",25007
"POR",25,"toumani camara","toumani","camara",23,70,49,24.8,2.8,6.3,0.45,0.8,2.5,0.337,2,3.8,0.523,0.516,1.1,1.4,0.758,2,2.9,4.9,1.2,0.9,0.5,1.2,2.5,7.5,0.142857142857143,"pf",25001
"POR",25,"rayan rupert","rayan","rupert",19,39,12,16.2,1.4,4.1,0.335,0.7,2,0.359,0.7,2.1,0.313,0.422,0.5,0.6,0.76,0.6,1.7,2.4,1.6,0.3,0.1,0.8,1.4,4,0.123076923076923,"sg",25005
"POR",25,"kris murray","kris","murray",23,62,29,21.7,2.3,5.9,0.396,0.8,3,0.268,1.5,3,0.525,0.463,0.6,0.9,0.661,1.4,2.2,3.6,1.3,0.9,0.3,0.9,1.5,6.1,0.119354838709677,"sf",25009
"POR",25,"matisse thybulle","matisse","thybulle",26,65,19,22.9,1.9,4.9,0.397,1.2,3.6,0.346,0.7,1.3,0.535,0.524,0.3,0.4,0.759,0.5,1.6,2.1,1.4,1.7,0.8,0.6,1.4,5.4,0.118461538461538,"sf",25011
"POR",25,"justin minaya","justin","minaya",24,34,1,11.2,0.6,2.2,0.297,0.4,1.4,0.245,0.3,0.7,0.4,0.378,0.1,0.3,0.556,0.9,0.8,1.6,0.6,0.3,0.3,0.3,1,1.8,0.0735294117647059,"sf",25017
"SAC",26,"domantas sabonis","domantas","sabonis",27,82,82,35.7,7.7,13,0.594,0.4,1.1,0.379,7.3,12,0.613,0.609,3.6,5.1,0.704,3.6,10.1,13.7,8.2,0.9,0.6,3.3,3,19.4,0.398780487804878,"c",26005
"SAC",26,"mason jones","mason","jones",25,5,0,5.6,0.4,1.6,0.25,0.4,1.4,0.286,0,0.2,0,0.375,0.2,0.4,0.5,0.2,0.8,1,1,0.2,0,0.4,0.6,1.4,0.36,"sg",26017
"SAC",26,"de'aaron fox","de'aaron","fox",26,74,74,35.9,9.7,20.9,0.465,2.9,7.8,0.369,6.8,13.1,0.522,0.534,4.2,5.7,0.738,0.9,3.7,4.6,5.6,2,0.4,2.6,2.6,26.6,0.322972972972973,"pg",26008
"SAC",26,"jordan ford","jordan","ford",25,6,0,3.7,0.7,1.2,0.571,0.3,0.5,0.667,0.3,0.7,0.5,0.714,0.3,0.3,1,0,0.3,0.3,0.3,0,0,0.2,0,2,0.316666666666667,"pg",26016
"SAC",26,"filip petrušev","filip","petrušev",23,2,0,3.5,0.5,1,0.5,0,0,0,0.5,1,0.5,0.5,0.5,1,0.5,0,0,0,0,0,0,0,0.5,1.5,0.25,"c",26021
"SAC",26,"keegan murray","keegan","murray",23,77,77,33.6,5.8,12.7,0.454,2.4,6.6,0.358,3.4,6,0.56,0.548,1.3,1.6,0.831,1.4,4.1,5.5,1.7,1,0.8,0.8,2.7,15.2,0.21038961038961,"sf",26007
"SAC",26,"malik monk","malik","monk",25,72,0,26,5.5,12.4,0.443,2.1,5.9,0.35,3.4,6.5,0.528,0.526,2.4,2.8,0.829,0.4,2.6,2.9,5.1,0.6,0.5,2.1,2.2,15.4,0.209722222222222,"sg",26009
"SAC",26,"kevin huerter","kevin","huerter",25,64,59,24.4,3.9,8.8,0.443,1.9,5.3,0.361,2,3.4,0.571,0.553,0.6,0.7,0.766,0.6,2.9,3.5,2.6,0.7,0.4,0.8,2.1,10.2,0.18125,"sg",26011
"SAC",26,"trey lyles","trey","lyles",28,58,0,20,2.5,5.5,0.445,1.4,3.8,0.384,1,1.8,0.578,0.576,0.8,1.2,0.7,1.1,3.4,4.4,1.2,0.3,0.3,0.7,1.5,7.2,0.160344827586207,"pf",26001
"SAC",26,"sasha vezenkov","sasha","vezenkov",28,42,0,12.2,2,4.5,0.44,1.1,2.9,0.375,0.9,1.7,0.549,0.558,0.3,0.4,0.8,0.7,1.6,2.3,0.5,0.5,0.2,0.3,1,5.4,0.142857142857143,"pf",26002
"SAC",26,"harrison barnes","harrison","barnes",31,82,82,29,4.2,8.9,0.474,1.8,4.7,0.387,2.4,4.2,0.571,0.576,1.9,2.4,0.801,0.8,2.2,3,1.2,0.7,0.1,0.7,1.2,12.2,0.13780487804878,"pf",26006
"SAC",26,"juan toscano-anderson","juan","toscano-anderson",30,11,0,4.8,0.3,1.1,0.25,0.1,0.4,0.25,0.2,0.7,0.25,0.292,0,0,0,0.4,0.9,1.3,0.4,0.1,0.1,0.2,1,0.6,0.136363636363636,"sf",26022
"SAC",26,"keon ellis","keon","ellis",24,57,21,17.2,1.9,4.1,0.461,1.2,2.9,0.417,0.6,1.1,0.578,0.612,0.5,0.6,0.743,0.6,1.6,2.2,1.5,0.9,0.5,0.6,2,5.4,0.133333333333333,"sg",26014
"SAC",26,"javale mcgee","javale","mcgee",36,46,0,7.4,1.7,2.9,0.598,0,0.2,0.143,1.7,2.7,0.624,0.602,0.6,1,0.578,0.9,1.8,2.7,0.4,0.3,0.4,0.7,1,4,0.119565217391304,"c",26013
"SAC",26,"alex len","alex","len",30,48,0,9.3,1,1.7,0.617,0,0.1,0,1,1.6,0.641,0.617,0.4,0.7,0.588,1,1.7,2.7,1,0.2,0.7,0.6,1.4,2.5,0.114583333333333,"c",26004
"SAC",26,"jalen slawson","jalen","slawson",24,12,0,3.1,0.3,0.5,0.667,0,0.2,0,0.3,0.3,1,0.667,0,0,0,0.1,0.5,0.6,0.2,0.1,0.1,0.2,0.7,0.7,0.108333333333333,"sf",26012
"SAC",26,"colby jones","colby","jones",21,30,0,6.4,0.9,2.4,0.394,0.1,0.7,0.091,0.9,1.6,0.531,0.408,0.2,0.4,0.545,0.6,0.8,1.3,0.7,0.2,0.2,0.3,1,2.1,0.0833333333333334,"sg",26018
"SAC",26,"davion mitchell","davion","mitchell",25,72,4,15.3,2,4.5,0.452,0.8,2.2,0.361,1.2,2.3,0.539,0.54,0.4,0.6,0.714,0.3,1.1,1.3,1.9,0.2,0,0.6,1.2,5.3,0.075,"pg",26010
"SAC",26,"chris duarte","chris","duarte",26,59,11,12.2,1.4,3.6,0.381,0.7,2.2,0.346,0.6,1.4,0.434,0.486,0.4,0.6,0.788,0.4,1.4,1.8,0.7,0.5,0.1,0.4,1.4,3.9,0.0711864406779661,"sf",26003
"SAC",26,"kessler edwards","kessler","edwards",23,54,0,5.1,0.6,1.5,0.415,0.4,1,0.385,0.3,0.6,0.467,0.537,0.1,0.2,0.556,0.2,0.6,0.8,0.3,0.2,0.1,0.1,0.5,1.7,0.037037037037037,"sf",26015
"SAS",27,"raiquan gray","raiquan","gray",24,3,0,13,3.3,5.7,0.588,1,2.3,0.429,2.3,3.3,0.7,0.676,0,0,0,0.7,1.7,2.3,2,0.3,0.3,0.3,0,7.7,3.3,"pf",27017
"SAS",27,"jamaree bouyea","jamaree","bouyea",24,3,0,12.7,1.7,2.3,0.714,0.3,0.3,1,1.3,2,0.667,0.786,0,0,0,0.3,2.7,3,1,0.3,0,0.3,2.3,3.7,2.36666666666667,"pg",27014
"SAS",27,"david duke jr.","david","duke",24,4,0,12.8,2.5,4.5,0.556,0.8,1.5,0.5,1.8,3,0.583,0.639,0.8,0.8,1,0.5,2,2.5,1.3,0.5,0,0.8,1,6.5,2,"sg",27018
"SAS",27,"mamadi diakite","mamadi","diakite",27,3,0,5.3,1.3,1.7,0.8,0,0,0,1.3,1.7,0.8,0.8,1.3,2,0.667,0.3,0.7,1,0.7,0,0.3,0,0.3,4,1.63333333333333,"pf",20004
"SAS",27,"charles bassey","charles","bassey",23,19,0,10.8,1.5,2.1,0.725,0,0.1,0,1.5,2.1,0.744,0.725,0.3,0.3,0.833,1.2,2.8,4,1.1,0.4,0.9,0.8,1.6,3.3,0.436842105263158,"c",27004
"SAS",27,"sidy cissoko","sidy","cissoko",19,12,0,11.8,1.3,2.8,0.485,0.1,1,0.083,1.3,1.8,0.714,0.5,1,1.3,0.8,0.7,1.2,1.8,0.8,0.6,0.3,0.3,1.5,3.8,0.433333333333333,"sf",27002
"SAS",27,"victor wembanyama","victor","wembanyama",20,71,71,29.7,7.8,16.7,0.465,1.8,5.5,0.325,6,11.2,0.534,0.519,4.1,5.2,0.796,2.3,8.4,10.6,3.9,1.2,3.6,3.7,2.2,21.4,0.380281690140845,"c",27001
"SAS",27,"devin vassell","devin","vassell",23,68,62,33.1,7.3,15.5,0.472,2.4,6.6,0.372,4.9,9,0.544,0.55,2.4,3,0.801,0.4,3.4,3.8,4.1,1.1,0.3,1.6,1.1,19.5,0.270588235294118,"sg",27009
"SAS",27,"devonte' graham","devonte'","graham",28,23,0,13.6,1.7,4.7,0.352,1.1,3.6,0.301,0.6,1.1,0.52,0.468,0.6,0.7,0.813,0.2,1.3,1.6,2.1,0.4,0.1,0.7,0.6,5,0.234782608695652,"pg",27013
"SAS",27,"keldon johnson","keldon","johnson",24,69,27,29.5,5.7,12.5,0.454,1.8,5.3,0.346,3.8,7.2,0.533,0.527,2.5,3.2,0.792,1.4,4.1,5.5,2.8,0.7,0.3,1.4,2.2,15.7,0.233333333333333,"sf",27011
"SAS",27,"dominick barlow","dominick","barlow",20,33,1,12.7,1.7,3.4,0.496,0.1,0.3,0.333,1.6,3.2,0.51,0.509,0.9,1.3,0.69,1.4,2.1,3.4,1.1,0.4,0.4,0.3,1.4,4.4,0.221212121212121,"pf",27016
"SAS",27,"tre jones","tre","jones",24,77,48,27.8,3.9,7.8,0.505,0.8,2.5,0.335,3.1,5.3,0.584,0.558,1.3,1.5,0.856,0.8,3,3.8,6.2,1,0.1,1.5,1.2,10,0.201298701298701,"pg",27005
"SAS",27,"zach collins","zach","collins",26,69,29,22.1,4.3,8.9,0.484,0.8,2.6,0.32,3.5,6.3,0.552,0.531,1.8,2.3,0.753,1.7,3.7,5.4,2.8,0.5,0.8,1.9,3,11.2,0.198550724637681,"c",27012
"SAS",27,"jeremy sochan","jeremy","sochan",20,74,73,29.6,4.6,10.5,0.438,0.9,3.1,0.308,3.6,7.4,0.492,0.483,1.5,1.9,0.771,1.9,4.6,6.4,3.4,0.8,0.5,1.9,2.3,11.6,0.195945945945946,"pf",27007
"SAS",27,"sandro mamukelashvili","sandro","mamukelashvili",24,46,5,9.8,1.6,3.4,0.471,0.4,1.4,0.297,1.2,2,0.593,0.532,0.5,0.7,0.735,1,2.2,3.2,1.1,0.2,0.3,0.4,0.8,4.1,0.141304347826087,"c",27015
"SAS",27,"cedi osman","cedi","osman",28,72,3,17.6,2.6,5.3,0.479,1.2,3.1,0.389,1.4,2.3,0.601,0.591,0.5,0.7,0.673,0.3,2.2,2.5,1.7,0.5,0.2,0.7,1.5,6.8,0.1125,"sf",27003
"SAS",27,"doug mcdermott","doug","mcdermott",32,46,0,15.2,2.1,4.7,0.442,1.7,3.8,0.439,0.4,0.9,0.452,0.619,0.2,0.4,0.588,0.2,0.9,1,1.2,0.2,0,0.5,1,6,0.110869565217391,"sf",12016
"SAS",27,"julian champagnie","julian","champagnie",22,74,59,19.8,2.2,5.4,0.408,1.4,3.7,0.365,0.9,1.7,0.504,0.534,1,1.2,0.815,0.6,2.2,2.8,1.4,0.6,0.6,0.8,1,6.8,0.108108108108108,"sf",27008
"SAS",27,"malaki branham","malaki","branham",20,75,29,21.3,3.6,8.4,0.432,1.2,3.6,0.347,2.4,4.8,0.494,0.506,0.7,0.8,0.873,0.4,1.6,2,2.1,0.4,0.1,1.2,1.3,9.2,0.102666666666667,"pg",27006
"SAS",27,"blake wesley","blake","wesley",20,61,3,14.4,1.7,3.5,0.474,0.2,0.9,0.218,1.5,2.6,0.563,0.502,0.9,1.3,0.667,0.3,1.2,1.5,2.7,0.5,0.1,0.9,1.5,4.4,0.1,"sg",27010
"TOR",28,"markquis nowell","markquis","nowell",24,1,0,4,0,1,0,0,0,0,0,1,0,0,2,2,1,2,0,2,2,1,0,0,0,2,6,"sg",28021
"TOR",28,"kobi simmons","kobi","simmons",26,4,0,16.8,2.3,5.3,0.429,0.5,2,0.25,1.8,3.3,0.538,0.476,0,0,0,0.3,1.5,1.8,3,1.5,0.5,0.3,1.3,5,2.125,"pg",28022
"TOR",28,"jahmi'us ramsey","jahmi'us","ramsey",22,7,1,17.3,2.6,5.9,0.439,0.9,3.1,0.273,1.7,2.7,0.632,0.512,0.7,0.9,0.833,0.6,2.6,3.1,1.1,1,0,1,1.4,6.7,1.05714285714286,"sg",28023
"TOR",28,"ron harper jr.","ron","harper",23,1,0,4,0,0,0,0,0,0,0,0,0,0,0,0,0,0,0,0,1,0,0,0,2,0,1,"pf",28024
"TOR",28,"d.j. carton","d.j.","carton",23,4,0,9,0.8,2,0.375,0.3,1,0.25,0.5,1,0.5,0.438,1,1.3,0.8,0.5,0.5,1,0.8,0.3,0,0.3,0.8,2.8,0.775,"sg",28016
"TOR",28,"malik williams","malik","williams",25,7,2,15.3,1.3,4.9,0.265,0.1,0.7,0.2,1.1,4.1,0.276,0.279,0,0.3,0,2.1,3.3,5.4,0.3,0.4,0.6,0.4,2.1,2.7,0.728571428571429,"c",28025
"TOR",28,"rj barrett","rj","barrett",23,32,32,33.5,8.5,15.4,0.553,1.5,3.8,0.392,7,11.6,0.605,0.601,3.3,5.2,0.629,1.1,5.3,6.4,4.1,0.6,0.4,2.5,2.6,21.8,0.6875,"sg",28002
"TOR",28,"pascal siakam","pascal","siakam",29,39,39,34.7,8.3,16,0.522,1.2,3.7,0.317,7.2,12.3,0.584,0.559,4.3,5.7,0.758,1.4,4.9,6.3,4.9,0.8,0.3,2.1,2.2,22.2,0.597435897435897,"pf",12004
"TOR",28,"og anunoby","og","anunoby",26,27,27,33.3,5.8,11.9,0.489,2.3,6,0.374,3.6,5.9,0.608,0.584,1.2,1.7,0.717,0.9,3,3.9,2.7,1,0.5,1.6,2.3,15.1,0.555555555555555,"sf",20003
"TOR",28,"immanuel quickley","immanuel","quickley",24,38,38,33.3,6.2,14.7,0.422,2.8,7.1,0.395,3.4,7.6,0.448,0.518,3.3,4,0.841,0.3,4.5,4.8,6.8,0.9,0.2,1.8,2,18.6,0.534210526315789,"pg",28011
"TOR",28,"scottie barnes","scottie","barnes",22,60,60,34.9,7.5,15.7,0.475,1.7,4.9,0.341,5.8,10.8,0.536,0.528,3.3,4.2,0.781,2.4,5.9,8.2,6.1,1.3,1.5,2.8,2,19.9,0.418333333333333,"sg",28006
"TOR",28,"precious achiuwa","precious","achiuwa",24,25,0,17.5,3.1,6.8,0.459,0.5,1.9,0.277,2.6,4.9,0.528,0.497,1,1.7,0.571,2,3.4,5.4,1.8,0.6,0.5,1.2,1.6,7.7,0.416,"pf",20005
"TOR",28,"thaddeus young","thaddeus","young",35,23,6,15.2,2.3,3.8,0.621,0,0.3,0.167,2.3,3.5,0.654,0.626,0.2,0.5,0.417,1.3,2,3.3,2.2,0.8,0.1,0.5,1.7,5,0.395652173913044,"pf",24014
"TOR",28,"jakob poeltl","jakob","poeltl",28,50,50,26.4,5,7.6,0.656,0,0,0,5,7.6,0.656,0.656,1.2,2.1,0.551,2.9,5.7,8.6,2.5,0.7,1.5,1.5,3,11.1,0.388,"c",28001
"TOR",28,"javon freeman-liberty","javon","freeman-liberty",24,22,6,18.3,2.5,5.6,0.444,0.5,1.9,0.238,2,3.7,0.549,0.484,1.5,1.6,0.917,0.7,2.5,3.2,1.8,0.5,0.2,1.1,1.3,7,0.381818181818182,"pg",28014
"TOR",28,"bruce brown","bruce","brown",27,34,11,26,3.8,7.9,0.481,0.6,1.9,0.317,3.2,6,0.532,0.519,1.5,1.8,0.833,0.8,3,3.8,2.7,0.7,0.3,1.3,2,9.6,0.335294117647059,"pg",28008
"TOR",28,"jontay porter","jontay","porter",24,26,5,13.8,1.5,4,0.385,0.8,2.3,0.333,0.8,1.7,0.455,0.481,0.6,0.7,0.833,1,2.2,3.2,2.3,0.8,0.8,0.8,1.3,4.4,0.311538461538462,"c",28026
"TOR",28,"dennis schröder","dennis","schröder",30,51,33,30.6,4.8,11,0.442,1.5,4.3,0.35,3.3,6.6,0.501,0.511,2.5,2.9,0.852,0.4,2.3,2.7,6.1,0.9,0.2,1.6,2.1,13.7,0.301960784313725,"pg",3002
"TOR",28,"otto porter jr.","otto","porter",30,15,1,11.6,0.9,2.2,0.424,0.5,1.5,0.348,0.4,0.7,0.6,0.545,0.2,0.2,1,0.4,1.5,1.9,0.5,0.3,0.3,0.1,1.3,2.6,0.28,"pf",28027
"TOR",28,"mouhamadou gueye","mouhamadou","gueye",25,11,0,10.9,1,3.5,0.289,0,0.3,0,1,3.2,0.314,0.289,0.4,0.8,0.444,1.1,1,2.1,0.5,0.3,1.6,1.1,1.4,2.4,0.263636363636364,"pf",28015
"TOR",28,"jordan nwora","jordan","nwora",25,34,1,15.6,3,6.4,0.465,1,2.8,0.347,2,3.6,0.557,0.541,1,1.2,0.833,0.6,2.8,3.4,1.3,0.6,0.4,1.2,0.9,7.9,0.258823529411765,"sf",28009
"TOR",28,"malachi flynn","malachi","flynn",25,31,0,15.3,1.8,4.4,0.409,0.9,2.6,0.35,0.9,1.8,0.491,0.511,0.5,0.7,0.773,0.4,1.7,2.1,2.4,0.6,0.2,1.1,1.4,5.1,0.209677419354839,"pg",9010
"TOR",28,"chris boucher","chris","boucher",31,50,0,14.1,2.2,4.3,0.507,0.6,1.9,0.33,1.6,2.5,0.642,0.578,1.4,1.8,0.772,1.2,2.9,4.1,0.5,0.3,0.5,0.6,1.4,6.4,0.174,"pf",28004
"TOR",28,"gary trent jr.","gary","trent",25,71,41,28.1,5.1,11.9,0.426,2.5,6.4,0.393,2.6,5.5,0.464,0.531,1,1.4,0.771,0.4,2.3,2.6,1.7,1.1,0.1,0.7,1.4,13.7,0.159154929577465,"sg",28005
"TOR",28,"garrett temple","garrett","temple",37,27,2,10.7,1.1,2.9,0.372,0.4,1.5,0.3,0.6,1.4,0.447,0.449,0.7,0.8,0.818,0.7,1,1.7,1,0.4,0.1,0.5,1,3.3,0.151851851851852,"sg",28013
"TOR",28,"gradey dick","gradey","dick",20,60,17,21.1,3.2,7.4,0.425,1.5,4,0.365,1.7,3.4,0.495,0.524,0.7,0.9,0.863,0.5,1.8,2.2,1.1,0.6,0,0.8,1.5,8.5,0.12,"sg",28007
"TOR",28,"jalen mcdaniels","jalen","mcdaniels",26,50,1,10.8,1.3,3.8,0.344,0.2,1.4,0.169,1.1,2.4,0.449,0.376,0.5,0.7,0.73,0.4,1.2,1.6,0.7,0.4,0.1,0.6,1,3.4,0.058,"sf",28010
"UTA",29,"kenneth lofton jr.","kenneth","lofton",21,4,0,22.8,5.3,8.8,0.6,1,3,0.333,4.3,5.8,0.739,0.657,2.3,2.8,0.818,2.5,2.5,5,4.8,0.8,0.5,1.5,2.3,13.8,4.85,"pf",29013
"UTA",29,"darius bazley","darius","bazley",23,6,0,23.7,3,4.8,0.621,0.3,1.3,0.25,2.7,3.5,0.762,0.655,1.7,2,0.833,1.3,3.2,4.5,0.8,1,1.2,1.2,0.5,8,2.03333333333333,"pf",29016
"UTA",29,"jason preston","jason","preston",24,7,0,10.1,0.9,2.7,0.316,0,0.4,0,0.9,2.3,0.375,0.316,0,0,0,0.9,1.6,2.4,2.3,0.3,0.1,0.3,0.4,1.7,0.671428571428571,"pg",29018
"UTA",29,"lauri markkanen","lauri","markkanen",26,55,55,33.1,7.8,16.2,0.48,3.2,8,0.399,4.6,8.2,0.559,0.578,4.5,5,0.899,2.2,5.9,8.2,2,0.9,0.5,1.4,1.8,23.2,0.445454545454545,"pf",29001
"UTA",29,"kira lewis jr.","kira","lewis",22,12,0,9.9,1.5,3.3,0.45,0.2,1.1,0.154,1.3,2.3,0.593,0.475,0.6,0.8,0.778,0.4,0.6,1,1.6,0.3,0.1,0.5,0.3,3.8,0.358333333333333,"pg",29017
"UTA",29,"micah potter","micah","potter",25,16,0,11.6,1.2,2.5,0.475,0.6,1.3,0.429,0.6,1.2,0.526,0.588,0.4,0.5,0.75,0.6,2.1,2.7,0.4,0.3,0.4,0.3,0.9,3.3,0.3375,"pf",29009
"UTA",29,"johnny juzang","johnny","juzang",22,20,5,18.6,2.6,5.5,0.464,1.6,3.9,0.416,1,1.7,0.576,0.609,0.5,0.7,0.714,0.4,1.5,1.8,1.2,0.2,0.1,0.7,1.5,7.2,0.335,"sg",29012
"UTA",29,"kelly olynyk","kelly","olynyk",32,50,8,20.4,2.9,5.2,0.562,0.7,1.7,0.429,2.2,3.5,0.626,0.632,1.6,1.9,0.842,1.3,3.8,5.1,4.4,0.7,0.2,1.6,2.6,8.1,0.286,"c",28003
"UTA",29,"john collins","john","collins",26,68,66,28,5.8,11,0.532,1.3,3.4,0.371,4.6,7.6,0.605,0.59,2.2,2.7,0.795,2.3,6.1,8.5,1.1,0.6,0.9,1.4,2.8,15.1,0.280882352941176,"pf",29006
"UTA",29,"jordan clarkson","jordan","clarkson",31,55,19,30.6,6.1,14.8,0.413,1.7,5.6,0.294,4.5,9.2,0.485,0.469,3.2,3.7,0.881,0.9,2.5,3.4,5,0.6,0.1,2.7,1.5,17.1,0.26,"sg",29010
"UTA",29,"taylor hendricks","taylor","hendricks",20,40,23,21.4,2.7,6,0.45,1.3,3.5,0.379,1.4,2.5,0.55,0.56,0.6,0.7,0.793,1.2,3.5,4.6,0.8,0.7,0.8,0.7,1.9,7.3,0.2525,"pf",29014
"UTA",29,"walker kessler","walker","kessler",22,64,22,23.3,3.6,5.5,0.654,0.1,0.3,0.211,3.5,5.2,0.68,0.66,0.9,1.5,0.602,2.6,4.9,7.5,0.9,0.5,2.4,1,2.1,8.1,0.2484375,"c",29008
"UTA",29,"brice sensabaugh","brice","sensabaugh",20,32,11,18.3,2.7,6.8,0.39,1.1,3.6,0.296,1.6,3.2,0.495,0.468,1.2,1.3,0.902,0.5,2.7,3.2,1.7,0.4,0.2,1.5,1.3,7.5,0.228125,"sf",29015
"UTA",29,"collin sexton","collin","sexton",25,78,51,26.6,6.5,13.3,0.487,1.6,4.2,0.394,4.8,9.1,0.53,0.549,4.1,4.7,0.859,0.9,1.7,2.6,4.9,0.8,0.2,2.1,2,18.7,0.226923076923077,"sg",29004
"UTA",29,"talen horton-tucker","talen","horton-tucker",23,51,11,19.8,3.6,9.1,0.396,1.2,3.6,0.33,2.4,5.5,0.438,0.46,1.7,2.1,0.807,0.4,2,2.4,3.5,0.9,0.4,1.3,1.8,10.1,0.198039215686274,"pg",29011
"UTA",29,"simone fontecchio","simone","fontecchio",28,50,34,23.2,3.2,7.2,0.45,1.8,4.7,0.391,1.4,2.5,0.56,0.577,0.6,0.8,0.8,1,2.5,3.5,1.5,0.6,0.4,1,1.6,8.9,0.194,"sf",9002
"UTA",29,"omer yurtseven","omer","yurtseven",25,48,12,11.4,2.1,3.8,0.538,0.1,0.5,0.208,2,3.3,0.588,0.552,0.4,0.6,0.679,1.5,2.8,4.3,0.6,0.2,0.4,0.8,1.1,4.6,0.154166666666667,"c",29003
"UTA",29,"keyonte george","keyonte","george",20,75,44,27,4.3,10.9,0.391,2,5.9,0.334,2.3,5,0.459,0.482,2.5,3,0.848,0.2,2.6,2.8,4.4,0.5,0.1,2.5,1.2,13,0.149333333333333,"pg",29005
"UTA",29,"kris dunn","kris","dunn",29,66,32,18.9,2.2,4.7,0.47,0.6,1.7,0.369,1.6,3.1,0.525,0.535,0.3,0.5,0.688,0.8,2.1,2.9,3.8,1,0.4,1.2,2,5.4,0.145454545454545,"pg",29007
"UTA",29,"ochai agbaji","ochai","agbaji",23,51,10,19.7,2.1,4.9,0.426,0.9,2.8,0.331,1.2,2.1,0.551,0.52,0.3,0.4,0.75,0.7,1.8,2.5,0.9,0.5,0.6,0.7,1.3,5.4,0.123529411764706,"sg",28012
"UTA",29,"luka šamanić","luka","šamanić",24,43,7,9.4,1.4,3.7,0.38,0.3,1.5,0.203,1.1,2.2,0.5,0.421,1,1.3,0.786,0.5,1.9,2.4,0.4,0.1,0.2,0.7,0.7,4.1,0.0906976744186046,"pf",29002
"WAS",30,"hamidou diallo","hamidou","diallo",25,2,0,2.5,0.5,1,0.5,0,0,0,0.5,1,0.5,0.5,0,0,0,1,0,1,0.5,1,0,0.5,0.5,1,1.25,"sg",30021
"WAS",30,"tristan vukcevic","tristan","vukcevic",20,10,4,15.3,2.9,6.7,0.433,1,3.6,0.278,1.9,3.1,0.613,0.507,1.7,2.2,0.773,0.6,3,3.6,1.3,0.5,0.7,1,2.8,8.5,0.93,"c",30003
"WAS",30,"marvin bagley iii","marvin","bagley",24,24,15,24,5.5,9.5,0.581,0.3,0.7,0.471,5.2,8.8,0.59,0.599,1.9,2.7,0.708,3.5,4.6,8.1,1.2,0.6,0.8,1.3,1.7,13.3,0.745833333333333,"c",30016
"WAS",30,"richaun holmes","richaun","holmes",30,17,8,18.7,2.9,5.2,0.557,0.1,0.2,0.333,2.8,5,0.565,0.563,1.3,1.5,0.846,2.2,3.9,6.1,0.6,0.5,0.6,0.7,2.4,7.1,0.688235294117647,"pf",30014
"WAS",30,"justin champagnie","justin","champagnie",22,15,1,15.7,2.1,5.2,0.41,0.9,3,0.289,1.3,2.2,0.576,0.494,0.8,1,0.8,1.3,2.3,3.5,1.3,0.7,0.6,0.7,0.9,5.9,0.533333333333333,"sf",30017
"WAS",30,"ryan rollins","ryan","rollins",21,10,0,6.6,1.3,2.5,0.52,0.2,0.3,0.667,1.1,2.2,0.5,0.56,1.3,1.7,0.765,0.2,0.9,1.1,1.1,0.8,0.3,0.7,0.7,4.1,0.51,"pg",17016
"WAS",30,"daniel gafford","daniel","gafford",25,45,45,26.5,4.5,6.5,0.69,0,0,0,4.5,6.5,0.69,0.69,1.9,2.6,0.706,2.9,5.1,8,1.5,1,2.2,1,3.3,10.9,0.442222222222222,"pf",7014
"WAS",30,"danilo gallinari","danilo","gallinari",35,26,0,14.8,2.2,5,0.435,0.8,2.5,0.313,1.4,2.6,0.552,0.511,1.8,2.2,0.839,0.5,2.5,2.9,1.2,0.2,0.1,0.5,1,7,0.296153846153846,"sf",17003
"WAS",30,"kyle kuzma","kyle","kuzma",28,70,70,32.6,8.7,18.8,0.463,2.2,6.4,0.336,6.5,12.3,0.53,0.521,2.7,3.4,0.775,0.9,5.7,6.6,4.2,0.5,0.7,2.7,2.2,22.2,0.295714285714286,"pf",30008
"WAS",30,"tyus jones","tyus","jones",27,66,66,29.3,4.9,10.1,0.489,1.6,3.9,0.414,3.3,6.2,0.537,0.569,0.5,0.6,0.8,0.3,2.4,2.7,7.3,1.1,0.3,1,0.7,12,0.259090909090909,"pg",30009
"WAS",30,"deni avdija","deni","avdija",23,75,75,30.1,5.4,10.7,0.506,1.2,3.1,0.374,4.2,7.6,0.56,0.56,2.7,3.6,0.74,1.1,6.1,7.2,3.8,0.8,0.5,2.1,2.5,14.7,0.249333333333333,"sf",30002
"WAS",30,"mike muscala","mike","muscala",32,24,2,14.1,1.4,3.8,0.367,0.6,2.1,0.275,0.8,1.6,0.487,0.444,0.6,0.8,0.75,0.9,2.2,3.1,0.9,0.2,0.3,0.7,1.3,4,0.216666666666667,"c",21016
"WAS",30,"delon wright","delon","wright",31,33,0,13.8,1.5,3.7,0.393,0.4,1.2,0.368,1,2.5,0.405,0.451,0.7,0.9,0.828,0.4,1.4,1.8,2.5,1.1,0.2,0.3,0.7,4.1,0.212121212121212,"pg",16014
"WAS",30,"jules bernard","jules","bernard",24,19,0,7.8,1.5,3.4,0.453,0.6,1.5,0.379,0.9,1.8,0.514,0.539,0.3,0.5,0.556,0.5,0.8,1.4,0.8,0.2,0.1,0.4,0.7,3.9,0.205263157894737,"sg",30010
"WAS",30,"jared butler","jared","butler",23,40,0,14.2,2.5,5,0.488,0.6,2,0.308,1.9,3.1,0.602,0.547,0.8,0.9,0.861,0.2,1.2,1.5,3.2,0.7,0.2,1.3,1.5,6.3,0.2,"sg",30011
"WAS",30,"jordan poole","jordan","poole",24,78,66,30.1,6.3,15.2,0.413,2.4,7.2,0.326,3.9,8,0.492,0.491,2.5,2.8,0.877,0.4,2.3,2.7,4.4,1.1,0.3,2.4,3.1,17.4,0.183333333333333,"sg",30006
"WAS",30,"patrick baldwin jr.","patrick","baldwin",21,38,7,13,1.6,4.1,0.381,0.8,2.6,0.32,0.7,1.5,0.483,0.481,0.5,0.7,0.679,0.4,2.8,3.2,0.8,0.5,0.4,0.5,1.5,4.4,0.160526315789474,"sf",30015
"WAS",30,"bilal coulibaly","bilal","coulibaly",19,63,15,27.2,3,6.9,0.435,1,2.9,0.346,2,3.9,0.502,0.509,1.5,2.1,0.702,0.9,3.2,4.1,1.7,0.9,0.8,1.4,2.2,8.4,0.158730158730159,"sf",30001
"WAS",30,"corey kispert","corey","kispert",24,80,22,25.8,4.8,9.9,0.486,2.3,6,0.383,2.5,3.9,0.643,0.602,1.4,2,0.726,0.4,2.4,2.8,2,0.5,0.2,1.2,1.8,13.4,0.15,"sf",30005
"WAS",30,"landry shamet","landry","shamet",26,46,5,15.8,2.6,6,0.431,1.2,3.4,0.338,1.4,2.5,0.556,0.527,0.8,1,0.826,0.3,1,1.3,1.2,0.5,0.2,0.7,1.7,7.1,0.130434782608696,"sg",30013
"WAS",30,"eugene omoruyi","eugene","omoruyi",26,43,0,9.1,1.9,3.9,0.485,0.3,1.1,0.283,1.6,2.8,0.562,0.524,0.7,1.1,0.653,0.8,1.2,2,0.8,0.6,0.1,0.5,1.4,4.8,0.125581395348837,"sf",30004
"WAS",30,"anthony gill","anthony","gill",31,50,3,9.3,1.5,3.2,0.469,0.2,0.8,0.244,1.3,2.4,0.546,0.5,0.6,0.7,0.806,0.7,1.1,1.9,0.7,0.3,0.2,0.5,1,3.8,0.092,"pf",30007
"WAS",30,"johnny davis","johnny","davis",21,50,6,12.3,1.2,3.1,0.403,0.3,0.8,0.35,1,2.3,0.421,0.448,0.3,0.5,0.583,0.4,1.1,1.4,0.6,0.4,0.2,0.3,1.1,3,0.064,"sg",30012
"WAS",30,"trey jemison","trey","jemison",24,2,0,0.5,0,0,0,0,0,0,0,0,0,0,0,0,0,0,0.5,0.5,0,0,0,0.5,0,0,0,"c",15014
